名前,全体,,,コード,役,回数,割合,順位,,回,スコア,,局,平均点数,回数,合計
対戦数,762 回,,,03,ドラ,1429 回,76.25%,6 位,,0,±0,,東1局,-28,759 回,-21000
総局数,6345 回,,,10,役牌,1006 回,53.68%,7 位,,1,-4.6,,東2局,+13,747 回,10000
通算スコア,-0.0,,,01,立直,872 回,46.53%,9 位,,2,+45.6,,東3局,-11,702 回,-8000
平均スコア,-0.00,,,52,赤ドラ,746 回,39.81%,7 位,,3,±0,,南1局,+11,663 回,7000
平均順位,2.00 位,,,06,ツモ,578 回,30.84%,5 位,,4,+24.5,,南2局,+5,609 回,3000
1位,254 回,33.3%,,04,裏ドラ,537 回,28.66%,8 位,,5,-11.3,,南3局,+16,510 回,8000
2位,254 回,33.3%,,07,平和,274 回,14.62%,5 位,,6,+0.0,,,,,
3位,254 回,33.3%,,28,混一色,251 回,13.39%,6 位,,7,-37.8,,起家,スコア,回数,合計
ふっとび,75 回,9.8%,,02,一発,201 回,10.73%,10 位,,8,-46.9,,東家,-1.94,254 回,-493.6
リーチ,1619 回,25.5%,,08,一盃口,170 回,9.07%,10 位,,9,±0,,南家,+0.39,254 回,98.1
副露,1452 回,22.9%,,09,タンヤオ,148 回,7.90%,8 位,,10,-12.0,,西家,+1.56,254 回,395.5
リーチ成功,904 回,55.8%,,25,七対子,98 回,5.23%,6 位,,11,+58.2,,,,,
副露成功,614 回,42.3%,,22,対々和,95 回,5.07%,7 位,,12,±0,,相手,スコア,回数,合計
アガリ,1874 回,29.5%,,16,一気通貫,45 回,2.40%,6 位,,13,-1.7,,ゆう,+24.24,10 回,242.4
放銃,1033 回,16.3%,,51,オープン立直,45 回,2.40%,3 位,,14,+24.3,,ほたに,+22.46,14 回,314.4
ツモ,831 回,44.3%,,20,三暗刻,37 回,1.97%,5 位,,15,±0,,のり,+17.40,108 回,1879.2
ロン,1043 回,55.7%,,30,清一色,26 回,1.39%,6 位,,16,-28.2,,りくと,+9.29,180 回,1671.3
リーチアガリ,904 回,48.2%,,17,チャンタ,25 回,1.33%,7 位,,17,-20.5,,たかの,+8.24,148 回,1219.5
副露アガリ,614 回,32.8%,,13,嶺上開花,14 回,0.75%,4 位,,18,±0,,ぱぱ,+2.74,50 回,137.1
ダマアガリ,356 回,19.0%,,31,国士無双,11 回,0.59%,5 位,,19,-22.4,,ただ,-1.03,266 回,-273.9
平均アガリ点,8415,15769700,,11,海底摸月,8 回,0.43%,3 位,,20,-61.2,,まっつん,-1.54,228 回,-350.7
門前アガリ点,9061,11416900,,12,河底撈魚,8 回,0.43%,5 位,,21,+0.0,,ともき,-4.95,14 回,-69.3
副露アガリ点,7089,4352800,,23,小三元,7 回,0.37%,4 位,,22,-25.1,,れんたろう,-5.25,200 回,-1050.9
平均放銃点,-7805,-8062800,,24,混老頭,7 回,0.37%,6 位,,23,-26.8,,だいち,-12.05,302 回,-3640.5
連続アガリ,7 回,0 回,,15,ダブル立直,5 回,0.27%,4 位,,24,+0.0,,いっしー,-19.65,4 回,-78.6
連続無放銃,31 回,2 回,,27,純チャン,5 回,0.27%,4 位,,25,+15.0,,,,,
最大ドラ数,8 個,,,29,流し満貫,4 回,0.21%,4 位,,26,+0.6,,,,,
最高点,149100,,,34,大三元,4 回,0.21%,4 位,,27,+0.0,,,,,
チョンボ,16 回,0.3%,,26,二盃口,3 回,0.16%,4 位,,28,-30.2,,,,,
,,,,32,四暗刻,3 回,0.16%,4 位,,29,-2.4,,,,,
1翻,141 回,7.5%,,36,小四喜,1 回,0.05%,2 位,,30,+0.0,,,,,
2翻,313 回,16.7%,,40,九蓮宝燈,1 回,0.05%,2 位,,31,+12.5,,,,,
3翻,371 回,19.8%,,45,四暗刻単騎,1 回,0.05%,2 位,,32,+47.3,,,,,
4翻,329 回,17.6%,,14,槍槓,0 回,0.00%,1 位,,33,+0.0,,,,,
5翻,302 回,16.1%,,19,三色同刻,0 回,0.00%,1 位,,34,-5.9,,,,,
6翻,202 回,10.8%,,21,三槓子,0 回,0.00%,1 位,,35,+26.9,,,,,
7翻,102 回,5.4%,,33,字一色,0 回,0.00%,1 位,,36,+0.0,,,,,
8翻,52 回,2.8%,,35,大四喜,0 回,0.00%,1 位,,37,+17.4,,,,,
9翻,22 回,1.2%,,37,緑一色,0 回,0.00%,1 位,,38,-5.3,,,,,
10翻,7 回,0.4%,,38,清老頭,0 回,0.00%,1 位,,39,+0.0,,,,,
11翻,6 回,0.3%,,39,四槓子,0 回,0.00%,1 位,,40,+10.3,,,,,
12翻,6 回,0.3%,,41,天和,0 回,0.00%,1 位,,41,-27.0,,,,,
13翻〜,21 回,1.1%,,42,地和,0 回,0.00%,1 位,,42,+0.0,,,,,
,,,,43,人和,0 回,0.00%,1 位,,43,-20.9,,,,,
,,,,44,国士13面,0 回,0.00%,1 位,,44,+0.3,,,,,
,,,,46,純正九蓮,0 回,0.00%,1 位,,45,+0.0,,,,,
,,,,47,大車輪,0 回,0.00%,1 位,,46,+2.2,,,,,
,,,,48,大竹林,0 回,0.00%,1 位,,47,-21.5,,,,,
,,,,49,大数隣,0 回,0.00%,1 位,,48,+0.0,,,,,
,,,,50,八連荘,0 回,0.00%,1 位,,49,-51.6,,,,,
,,,,53,十三不塔,0 回,0.00%,1 位,,50,-33.7,,,,,
,,,,,,,,,,51,+0.0,,,,,
,,,,,,,,,,52,-5.9,,,,,
,,,,,,,,,,53,-29.4,,,,,
,,,,,,,,,,54,+0.0,,,,,
,,,,,,,,,,55,-43.0,,,,,
,,,,,,,,,,56,-54.2,,,,,
,,,,,,,,,,57,+0.0,,,,,
,,,,,,,,,,58,+7.6,,,,,
,,,,,,,,,,59,-35.4,,,,,
,,,,,,,,,,60,+0.0,,,,,
,,,,,,,,,,61,+66.8,,,,,
,,,,,,,,,,62,+6.7,,,,,
,,,,,,,,,,63,+0.0,,,,,
,,,,,,,,,,64,-49.5,,,,,
,,,,,,,,,,65,-30.8,,,,,
,,,,,,,,,,66,+0.0,,,,,
,,,,,,,,,,67,+66.4,,,,,
,,,,,,,,,,68,+17.7,,,,,
,,,,,,,,,,69,+0.0,,,,,
,,,,,,,,,,70,+17.7,,,,,
,,,,,,,,,,71,-28.8,,,,,
,,,,,,,,,,72,+0.0,,,,,
,,,,,,,,,,73,+7.5,,,,,
,,,,,,,,,,74,+28.6,,,,,
,,,,,,,,,,75,+0.0,,,,,
,,,,,,,,,,76,+39.5,,,,,
,,,,,,,,,,77,-7.0,,,,,
,,,,,,,,,,78,±0,,,,,
,,,,,,,,,,79,-45.1,,,,,
,,,,,,,,,,80,-39.2,,,,,
,,,,,,,,,,81,±0,,,,,
,,,,,,,,,,82,+17.7,,,,,
,,,,,,,,,,83,-28.8,,,,,
,,,,,,,,,,84,±0,,,,,
,,,,,,,,,,85,+42.9,,,,,
,,,,,,,,,,86,-0.8,,,,,
,,,,,,,,,,87,-0.0,,,,,
,,,,,,,,,,88,-58.0,,,,,
,,,,,,,,,,89,-0.0,,,,,
,,,,,,,,,,90,-0.0,,,,,
,,,,,,,,,,91,-26.4,,,,,
,,,,,,,,,,92,-26.9,,,,,
,,,,,,,,,,93,-0.0,,,,,
,,,,,,,,,,94,-34.9,,,,,
,,,,,,,,,,95,-8.1,,,,,
,,,,,,,,,,96,-0.0,,,,,
,,,,,,,,,,97,+34.3,,,,,
,,,,,,,,,,98,+31.5,,,,,
,,,,,,,,,,99,-0.0,,,,,
,,,,,,,,,,100,+34.5,,,,,
,,,,,,,,,,101,+46.9,,,,,
,,,,,,,,,,102,-0.0,,,,,
,,,,,,,,,,103,-49.4,,,,,
,,,,,,,,,,104,-18.0,,,,,
,,,,,,,,,,105,-0.0,,,,,
,,,,,,,,,,106,-10.8,,,,,
,,,,,,,,,,107,-56.9,,,,,
,,,,,,,,,,108,-0.0,,,,,
,,,,,,,,,,109,+7.7,,,,,
,,,,,,,,,,110,-22.7,,,,,
,,,,,,,,,,111,-0.0,,,,,
,,,,,,,,,,112,+2.5,,,,,
,,,,,,,,,,113,+24.0,,,,,
,,,,,,,,,,114,-0.0,,,,,
,,,,,,,,,,115,+33.1,,,,,
,,,,,,,,,,116,+6.7,,,,,
,,,,,,,,,,117,-0.0,,,,,
,,,,,,,,,,118,-44.2,,,,,
,,,,,,,,,,119,-30.8,,,,,
,,,,,,,,,,120,-0.0,,,,,
,,,,,,,,,,121,-55.8,,,,,
,,,,,,,,,,122,-50.5,,,,,
,,,,,,,,,,123,-0.0,,,,,
,,,,,,,,,,124,+31.7,,,,,
,,,,,,,,,,125,-8.6,,,,,
,,,,,,,,,,126,-0.0,,,,,
,,,,,,,,,,127,-3.4,,,,,
,,,,,,,,,,128,-24.7,,,,,
,,,,,,,,,,129,-0.0,,,,,
,,,,,,,,,,130,-16.7,,,,,
,,,,,,,,,,131,-15.1,,,,,
,,,,,,,,,,132,-0.0,,,,,
,,,,,,,,,,133,-2.8,,,,,
,,,,,,,,,,134,+14.1,,,,,
,,,,,,,,,,135,-0.0,,,,,
,,,,,,,,,,136,-43.8,,,,,
,,,,,,,,,,137,+6.2,,,,,
,,,,,,,,,,138,-0.0,,,,,
,,,,,,,,,,139,-35.3,,,,,
,,,,,,,,,,140,+7.3,,,,,
,,,,,,,,,,141,-0.0,,,,,
,,,,,,,,,,142,+60.1,,,,,
,,,,,,,,,,143,+50.4,,,,,
,,,,,,,,,,144,-0.0,,,,,
,,,,,,,,,,145,-53.1,,,,,
,,,,,,,,,,146,-53.2,,,,,
,,,,,,,,,,147,-0.0,,,,,
,,,,,,,,,,148,-21.9,,,,,
,,,,,,,,,,149,+8.0,,,,,
,,,,,,,,,,150,-0.0,,,,,
,,,,,,,,,,151,+45.9,,,,,
,,,,,,,,,,152,+45.7,,,,,
,,,,,,,,,,153,-0.0,,,,,
,,,,,,,,,,154,-27.1,,,,,
,,,,,,,,,,155,-5.8,,,,,
,,,,,,,,,,156,-0.0,,,,,
,,,,,,,,,,157,+11.4,,,,,
,,,,,,,,,,158,-25.3,,,,,
,,,,,,,,,,159,-0.0,,,,,
,,,,,,,,,,160,+22.0,,,,,
,,,,,,,,,,161,+16.6,,,,,
,,,,,,,,,,162,-0.0,,,,,
,,,,,,,,,,163,+40.4,,,,,
,,,,,,,,,,164,+45.8,,,,,
,,,,,,,,,,165,-0.0,,,,,
,,,,,,,,,,166,-32.6,,,,,
,,,,,,,,,,167,-47.9,,,,,
,,,,,,,,,,168,-0.0,,,,,
,,,,,,,,,,169,+2.0,,,,,
,,,,,,,,,,170,+15.0,,,,,
,,,,,,,,,,171,-0.0,,,,,
,,,,,,,,,,172,-0.5,,,,,
,,,,,,,,,,173,+34.9,,,,,
,,,,,,,,,,174,-0.0,,,,,
,,,,,,,,,,175,+4.9,,,,,
,,,,,,,,,,176,+49.2,,,,,
,,,,,,,,,,177,-0.0,,,,,
,,,,,,,,,,178,-31.3,,,,,
,,,,,,,,,,179,-25.3,,,,,
,,,,,,,,,,180,-0.0,,,,,
,,,,,,,,,,181,-23.9,,,,,
,,,,,,,,,,182,-22.0,,,,,
,,,,,,,,,,183,-0.0,,,,,
,,,,,,,,,,184,-1.9,,,,,
,,,,,,,,,,185,+36.8,,,,,
,,,,,,,,,,186,-0.0,,,,,
,,,,,,,,,,187,-40.7,,,,,
,,,,,,,,,,188,-33.4,,,,,
,,,,,,,,,,189,-0.0,,,,,
,,,,,,,,,,190,-30.5,,,,,
,,,,,,,,,,191,+0.3,,,,,
,,,,,,,,,,192,-0.0,,,,,
,,,,,,,,,,193,+52.1,,,,,
,,,,,,,,,,194,+49.3,,,,,
,,,,,,,,,,195,-0.0,,,,,
,,,,,,,,,,196,-5.6,,,,,
,,,,,,,,,,197,-28.2,,,,,
,,,,,,,,,,198,-0.0,,,,,
,,,,,,,,,,199,-22.0,,,,,
,,,,,,,,,,200,-20.9,,,,,
,,,,,,,,,,201,-0.0,,,,,
,,,,,,,,,,202,-1.0,,,,,
,,,,,,,,,,203,+18.4,,,,,
,,,,,,,,,,204,-0.0,,,,,
,,,,,,,,,,205,-47.2,,,,,
,,,,,,,,,,206,-56.7,,,,,
,,,,,,,,,,207,-0.0,,,,,
,,,,,,,,,,208,-45.5,,,,,
,,,,,,,,,,209,-7.4,,,,,
,,,,,,,,,,210,-0.0,,,,,
,,,,,,,,,,211,-31.8,,,,,
,,,,,,,,,,212,-26.3,,,,,
,,,,,,,,,,213,-0.0,,,,,
,,,,,,,,,,214,+23.0,,,,,
,,,,,,,,,,215,+22.6,,,,,
,,,,,,,,,,216,-0.0,,,,,
,,,,,,,,,,217,-18.7,,,,,
,,,,,,,,,,218,+31.4,,,,,
,,,,,,,,,,219,-0.0,,,,,
,,,,,,,,,,220,+11.5,,,,,
,,,,,,,,,,221,-1.3,,,,,
,,,,,,,,,,222,-0.0,,,,,
,,,,,,,,,,223,-41.1,,,,,
,,,,,,,,,,224,-1.0,,,,,
,,,,,,,,,,225,-0.0,,,,,
,,,,,,,,,,226,+61.9,,,,,
,,,,,,,,,,227,+16.1,,,,,
,,,,,,,,,,228,-0.0,,,,,
,,,,,,,,,,229,-30.7,,,,,
,,,,,,,,,,230,-8.9,,,,,
,,,,,,,,,,231,-0.0,,,,,
,,,,,,,,,,232,+4.6,,,,,
,,,,,,,,,,233,-43.8,,,,,
,,,,,,,,,,234,-0.0,,,,,
,,,,,,,,,,235,+2.8,,,,,
,,,,,,,,,,236,-12.9,,,,,
,,,,,,,,,,237,-0.0,,,,,
,,,,,,,,,,238,+46.9,,,,,
,,,,,,,,,,239,+49.3,,,,,
,,,,,,,,,,240,-0.0,,,,,
,,,,,,,,,,241,+10.5,,,,,
,,,,,,,,,,242,+37.0,,,,,
,,,,,,,,,,243,-0.0,,,,,
,,,,,,,,,,244,+34.1,,,,,
,,,,,,,,,,245,+47.8,,,,,
,,,,,,,,,,246,-0.0,,,,,
,,,,,,,,,,247,-47.3,,,,,
,,,,,,,,,,248,-42.7,,,,,
,,,,,,,,,,249,-0.0,,,,,
,,,,,,,,,,250,-32.3,,,,,
,,,,,,,,,,251,-5.2,,,,,
,,,,,,,,,,252,-0.0,,,,,
,,,,,,,,,,253,-2.9,,,,,
,,,,,,,,,,254,+15.1,,,,,
,,,,,,,,,,255,-0.0,,,,,
,,,,,,,,,,256,-45.1,,,,,
,,,,,,,,,,257,+8.4,,,,,
,,,,,,,,,,258,-0.0,,,,,
,,,,,,,,,,259,-27.5,,,,,
,,,,,,,,,,260,-7.0,,,,,
,,,,,,,,,,261,-0.0,,,,,
,,,,,,,,,,262,+6.1,,,,,
,,,,,,,,,,263,-26.1,,,,,
,,,,,,,,,,264,-0.0,,,,,
,,,,,,,,,,265,+14.1,,,,,
,,,,,,,,,,266,+16.5,,,,,
,,,,,,,,,,267,-0.0,,,,,
,,,,,,,,,,268,+4.5,,,,,
,,,,,,,,,,269,-21.1,,,,,
,,,,,,,,,,270,-0.0,,,,,
,,,,,,,,,,271,-2.1,,,,,
,,,,,,,,,,272,-28.1,,,,,
,,,,,,,,,,273,-0.0,,,,,
,,,,,,,,,,274,+0.8,,,,,
,,,,,,,,,,275,-26.2,,,,,
,,,,,,,,,,276,-0.0,,,,,
,,,,,,,,,,277,-5.5,,,,,
,,,,,,,,,,278,-22.3,,,,,
,,,,,,,,,,279,-0.0,,,,,
,,,,,,,,,,280,+47.4,,,,,
,,,,,,,,,,281,+51.5,,,,,
,,,,,,,,,,282,-0.0,,,,,
,,,,,,,,,,283,+6.8,,,,,
,,,,,,,,,,284,-24.5,,,,,
,,,,,,,,,,285,-0.0,,,,,
,,,,,,,,,,286,+6.8,,,,,
,,,,,,,,,,287,+31.6,,,,,
,,,,,,,,,,288,-0.0,,,,,
,,,,,,,,,,289,-16.1,,,,,
,,,,,,,,,,290,+26.9,,,,,
,,,,,,,,,,291,-0.0,,,,,
,,,,,,,,,,292,+6.6,,,,,
,,,,,,,,,,293,+28.8,,,,,
,,,,,,,,,,294,-0.0,,,,,
,,,,,,,,,,295,+4.4,,,,,
,,,,,,,,,,296,+20.3,,,,,
,,,,,,,,,,297,-0.0,,,,,
,,,,,,,,,,298,+18.3,,,,,
,,,,,,,,,,299,+16.7,,,,,
,,,,,,,,,,300,-0.0,,,,,
,,,,,,,,,,301,+19.2,,,,,
,,,,,,,,,,302,+27.8,,,,,
,,,,,,,,,,303,-0.0,,,,,
,,,,,,,,,,304,+12.4,,,,,
,,,,,,,,,,305,+13.0,,,,,
,,,,,,,,,,306,-0.0,,,,,
,,,,,,,,,,307,+61.5,,,,,
,,,,,,,,,,308,+8.8,,,,,
,,,,,,,,,,309,-0.0,,,,,
,,,,,,,,,,310,-2.0,,,,,
,,,,,,,,,,311,+35.2,,,,,
,,,,,,,,,,312,-0.0,,,,,
,,,,,,,,,,313,+30.5,,,,,
,,,,,,,,,,314,+34.9,,,,,
,,,,,,,,,,315,-0.0,,,,,
,,,,,,,,,,316,+12.2,,,,,
,,,,,,,,,,317,-40.6,,,,,
,,,,,,,,,,318,-0.0,,,,,
,,,,,,,,,,319,+32.4,,,,,
,,,,,,,,,,320,+48.0,,,,,
,,,,,,,,,,321,-0.0,,,,,
,,,,,,,,,,322,+55.1,,,,,
,,,,,,,,,,323,+35.1,,,,,
,,,,,,,,,,324,-0.0,,,,,
,,,,,,,,,,325,+40.9,,,,,
,,,,,,,,,,326,+31.7,,,,,
,,,,,,,,,,327,-0.0,,,,,
,,,,,,,,,,328,-1.4,,,,,
,,,,,,,,,,329,-18.4,,,,,
,,,,,,,,,,330,-0.0,,,,,
,,,,,,,,,,331,-8.7,,,,,
,,,,,,,,,,332,-35.5,,,,,
,,,,,,,,,,333,-0.0,,,,,
,,,,,,,,,,334,+28.8,,,,,
,,,,,,,,,,335,+41.4,,,,,
,,,,,,,,,,336,-0.0,,,,,
,,,,,,,,,,337,+12.6,,,,,
,,,,,,,,,,338,-28.7,,,,,
,,,,,,,,,,339,-0.0,,,,,
,,,,,,,,,,340,+14.9,,,,,
,,,,,,,,,,341,+42.7,,,,,
,,,,,,,,,,342,-0.0,,,,,
,,,,,,,,,,343,-24.0,,,,,
,,,,,,,,,,344,-25.6,,,,,
,,,,,,,,,,345,-0.0,,,,,
,,,,,,,,,,346,+4.0,,,,,
,,,,,,,,,,347,-24.1,,,,,
,,,,,,,,,,348,-0.0,,,,,
,,,,,,,,,,349,-4.5,,,,,
,,,,,,,,,,350,-34.5,,,,,
,,,,,,,,,,351,-0.0,,,,,
,,,,,,,,,,352,-30.5,,,,,
,,,,,,,,,,353,-33.8,,,,,
,,,,,,,,,,354,-0.0,,,,,
,,,,,,,,,,355,-31.3,,,,,
,,,,,,,,,,356,-6.5,,,,,
,,,,,,,,,,357,-0.0,,,,,
,,,,,,,,,,358,-22.4,,,,,
,,,,,,,,,,359,+3.1,,,,,
,,,,,,,,,,360,-0.0,,,,,
,,,,,,,,,,361,+1.3,,,,,
,,,,,,,,,,362,+26.1,,,,,
,,,,,,,,,,363,-0.0,,,,,
,,,,,,,,,,364,+5.6,,,,,
,,,,,,,,,,365,-19.4,,,,,
,,,,,,,,,,366,-0.0,,,,,
,,,,,,,,,,367,+14.8,,,,,
,,,,,,,,,,368,+14.2,,,,,
,,,,,,,,,,369,-0.0,,,,,
,,,,,,,,,,370,-42.3,,,,,
,,,,,,,,,,371,-49.1,,,,,
,,,,,,,,,,372,±0,,,,,
,,,,,,,,,,373,+11.4,,,,,
,,,,,,,,,,374,+53.4,,,,,
,,,,,,,,,,375,±0,,,,,
,,,,,,,,,,376,+22.2,,,,,
,,,,,,,,,,377,-9.4,,,,,
,,,,,,,,,,378,-0.0,,,,,
,,,,,,,,,,379,+9.1,,,,,
,,,,,,,,,,380,-20.4,,,,,
,,,,,,,,,,381,-0.0,,,,,
,,,,,,,,,,382,-36.1,,,,,
,,,,,,,,,,383,-7.3,,,,,
,,,,,,,,,,384,-0.0,,,,,
,,,,,,,,,,385,-3.0,,,,,
,,,,,,,,,,386,-31.5,,,,,
,,,,,,,,,,387,-0.0,,,,,
,,,,,,,,,,388,+32.5,,,,,
,,,,,,,,,,389,+21.3,,,,,
,,,,,,,,,,390,-0.0,,,,,
,,,,,,,,,,391,-22.4,,,,,
,,,,,,,,,,392,-69.1,,,,,
,,,,,,,,,,393,-0.0,,,,,
,,,,,,,,,,394,+15.2,,,,,
,,,,,,,,,,395,+18.3,,,,,
,,,,,,,,,,396,-0.0,,,,,
,,,,,,,,,,397,+1.6,,,,,
,,,,,,,,,,398,-48.9,,,,,
,,,,,,,,,,399,-0.0,,,,,
,,,,,,,,,,400,+26.8,,,,,
,,,,,,,,,,401,+40.1,,,,,
,,,,,,,,,,402,-0.0,,,,,
,,,,,,,,,,403,-21.3,,,,,
,,,,,,,,,,404,-4.7,,,,,
,,,,,,,,,,405,-0.0,,,,,
,,,,,,,,,,406,-29.9,,,,,
,,,,,,,,,,407,-5.1,,,,,
,,,,,,,,,,408,-0.0,,,,,
,,,,,,,,,,409,-13.8,,,,,
,,,,,,,,,,410,-39.3,,,,,
,,,,,,,,,,411,-0.0,,,,,
,,,,,,,,,,412,+10.9,,,,,
,,,,,,,,,,413,+55.9,,,,,
,,,,,,,,,,414,-0.0,,,,,
,,,,,,,,,,415,+6.0,,,,,
,,,,,,,,,,416,-23.6,,,,,
,,,,,,,,,,417,-0.0,,,,,
,,,,,,,,,,418,-15.3,,,,,
,,,,,,,,,,419,+1.8,,,,,
,,,,,,,,,,420,-0.0,,,,,
,,,,,,,,,,421,+34.6,,,,,
,,,,,,,,,,422,-19.9,,,,,
,,,,,,,,,,423,-0.0,,,,,
,,,,,,,,,,424,-6.5,,,,,
,,,,,,,,,,425,+36.7,,,,,
,,,,,,,,,,426,-0.0,,,,,
,,,,,,,,,,427,-25.3,,,,,
,,,,,,,,,,428,-20.6,,,,,
,,,,,,,,,,429,-0.0,,,,,
,,,,,,,,,,430,-20.9,,,,,
,,,,,,,,,,431,-4.0,,,,,
,,,,,,,,,,432,-0.0,,,,,
,,,,,,,,,,433,+16.5,,,,,
,,,,,,,,,,434,+0.6,,,,,
,,,,,,,,,,435,-0.0,,,,,
,,,,,,,,,,436,+3.5,,,,,
,,,,,,,,,,437,+39.0,,,,,
,,,,,,,,,,438,-0.0,,,,,
,,,,,,,,,,439,-33.0,,,,,
,,,,,,,,,,440,+45.6,,,,,
,,,,,,,,,,441,-0.0,,,,,
,,,,,,,,,,442,-24.1,,,,,
,,,,,,,,,,443,-23.8,,,,,
,,,,,,,,,,444,-0.0,,,,,
,,,,,,,,,,445,+10.3,,,,,
,,,,,,,,,,446,+45.4,,,,,
,,,,,,,,,,447,-0.0,,,,,
,,,,,,,,,,448,+26.7,,,,,
,,,,,,,,,,449,+22.3,,,,,
,,,,,,,,,,450,-0.0,,,,,
,,,,,,,,,,451,-28.9,,,,,
,,,,,,,,,,452,-43.1,,,,,
,,,,,,,,,,453,-0.0,,,,,
,,,,,,,,,,454,+21.5,,,,,
,,,,,,,,,,455,+24.0,,,,,
,,,,,,,,,,456,-0.0,,,,,
,,,,,,,,,,457,-25.1,,,,,
,,,,,,,,,,458,+5.0,,,,,
,,,,,,,,,,459,-0.0,,,,,
,,,,,,,,,,460,+3.0,,,,,
,,,,,,,,,,461,+37.1,,,,,
,,,,,,,,,,462,-0.0,,,,,
,,,,,,,,,,463,-1.9,,,,,
,,,,,,,,,,464,-27.7,,,,,
,,,,,,,,,,465,-0.0,,,,,
,,,,,,,,,,466,+35.9,,,,,
,,,,,,,,,,467,+45.2,,,,,
,,,,,,,,,,468,-0.0,,,,,
,,,,,,,,,,469,+37.4,,,,,
,,,,,,,,,,470,+59.1,,,,,
,,,,,,,,,,471,-0.0,,,,,
,,,,,,,,,,472,-3.5,,,,,
,,,,,,,,,,473,+16.0,,,,,
,,,,,,,,,,474,-0.0,,,,,
,,,,,,,,,,475,+28.1,,,,,
,,,,,,,,,,476,+41.7,,,,,
,,,,,,,,,,477,-0.0,,,,,
,,,,,,,,,,478,+51.9,,,,,
,,,,,,,,,,479,+2.4,,,,,
,,,,,,,,,,480,-0.0,,,,,
,,,,,,,,,,481,-17.1,,,,,
,,,,,,,,,,482,-21.9,,,,,
,,,,,,,,,,483,-0.0,,,,,
,,,,,,,,,,484,-46.1,,,,,
,,,,,,,,,,485,-41.9,,,,,
,,,,,,,,,,486,-0.0,,,,,
,,,,,,,,,,487,-30.3,,,,,
,,,,,,,,,,488,+16.5,,,,,
,,,,,,,,,,489,-0.0,,,,,
,,,,,,,,,,490,-36.6,,,,,
,,,,,,,,,,491,-49.0,,,,,
,,,,,,,,,,492,-0.0,,,,,
,,,,,,,,,,493,-48.6,,,,,
,,,,,,,,,,494,-44.4,,,,,
,,,,,,,,,,495,-0.0,,,,,
,,,,,,,,,,496,-9.6,,,,,
,,,,,,,,,,497,+40.2,,,,,
,,,,,,,,,,498,-0.0,,,,,
,,,,,,,,,,499,-48.8,,,,,
,,,,,,,,,,500,-50.0,,,,,
,,,,,,,,,,501,-0.0,,,,,
,,,,,,,,,,502,-11.4,,,,,
,,,,,,,,,,503,+33.7,,,,,
,,,,,,,,,,504,-0.0,,,,,
,,,,,,,,,,505,+124.1,,,,,
,,,,,,,,,,506,+132.9,,,,,
,,,,,,,,,,507,-0.0,,,,,
,,,,,,,,,,508,+22.4,,,,,
,,,,,,,,,,509,+29.4,,,,,
,,,,,,,,,,510,-0.0,,,,,
,,,,,,,,,,511,+13.6,,,,,
,,,,,,,,,,512,-0.5,,,,,
,,,,,,,,,,513,-0.0,,,,,
,,,,,,,,,,514,-48.2,,,,,
,,,,,,,,,,515,-70.6,,,,,
,,,,,,,,,,516,-0.0,,,,,
,,,,,,,,,,517,+44.5,,,,,
,,,,,,,,,,518,+31.0,,,,,
,,,,,,,,,,519,-0.0,,,,,
,,,,,,,,,,520,+17.0,,,,,
,,,,,,,,,,521,-6.6,,,,,
,,,,,,,,,,522,-0.0,,,,,
,,,,,,,,,,523,+3.2,,,,,
,,,,,,,,,,524,-26.4,,,,,
,,,,,,,,,,525,-0.0,,,,,
,,,,,,,,,,526,-52.3,,,,,
,,,,,,,,,,527,-11.5,,,,,
,,,,,,,,,,528,-0.0,,,,,
,,,,,,,,,,529,-22.8,,,,,
,,,,,,,,,,530,-70.6,,,,,
,,,,,,,,,,531,-0.0,,,,,
,,,,,,,,,,532,+5.8,,,,,
,,,,,,,,,,533,-16.3,,,,,
,,,,,,,,,,534,-0.0,,,,,
,,,,,,,,,,535,-41.1,,,,,
,,,,,,,,,,536,+5.8,,,,,
,,,,,,,,,,537,-0.0,,,,,
,,,,,,,,,,538,-56.4,,,,,
,,,,,,,,,,539,-7.4,,,,,
,,,,,,,,,,540,-0.0,,,,,
,,,,,,,,,,541,+36.2,,,,,
,,,,,,,,,,542,+43.3,,,,,
,,,,,,,,,,543,-0.0,,,,,
,,,,,,,,,,544,-26.4,,,,,
,,,,,,,,,,545,-25.0,,,,,
,,,,,,,,,,546,-0.0,,,,,
,,,,,,,,,,547,-13.1,,,,,
,,,,,,,,,,548,+36.1,,,,,
,,,,,,,,,,549,-0.0,,,,,
,,,,,,,,,,550,-3.9,,,,,
,,,,,,,,,,551,-19.2,,,,,
,,,,,,,,,,552,-0.0,,,,,
,,,,,,,,,,553,-49.0,,,,,
,,,,,,,,,,554,+13.0,,,,,
,,,,,,,,,,555,-0.0,,,,,
,,,,,,,,,,556,-19.5,,,,,
,,,,,,,,,,557,-16.8,,,,,
,,,,,,,,,,558,-0.0,,,,,
,,,,,,,,,,559,+37.8,,,,,
,,,,,,,,,,560,-7.7,,,,,
,,,,,,,,,,561,-0.0,,,,,
,,,,,,,,,,562,-18.4,,,,,
,,,,,,,,,,563,-59.2,,,,,
,,,,,,,,,,564,-0.0,,,,,
,,,,,,,,,,565,+1.1,,,,,
,,,,,,,,,,566,+44.8,,,,,
,,,,,,,,,,567,-0.0,,,,,
,,,,,,,,,,568,+1.1,,,,,
,,,,,,,,,,569,+25.1,,,,,
,,,,,,,,,,570,-0.0,,,,,
,,,,,,,,,,571,-0.1,,,,,
,,,,,,,,,,572,-35.8,,,,,
,,,,,,,,,,573,-0.0,,,,,
,,,,,,,,,,574,-22.5,,,,,
,,,,,,,,,,575,-30.4,,,,,
,,,,,,,,,,576,-0.0,,,,,
,,,,,,,,,,577,-87.4,,,,,
,,,,,,,,,,578,+9.7,,,,,
,,,,,,,,,,579,-0.0,,,,,
,,,,,,,,,,580,+25.9,,,,,
,,,,,,,,,,581,+2.8,,,,,
,,,,,,,,,,582,-0.0,,,,,
,,,,,,,,,,583,-12.9,,,,,
,,,,,,,,,,584,+32.3,,,,,
,,,,,,,,,,585,-0.0,,,,,
,,,,,,,,,,586,+36.0,,,,,
,,,,,,,,,,587,-12.8,,,,,
,,,,,,,,,,588,-0.0,,,,,
,,,,,,,,,,589,+20.4,,,,,
,,,,,,,,,,590,-30.7,,,,,
,,,,,,,,,,591,-0.0,,,,,
,,,,,,,,,,592,-60.3,,,,,
,,,,,,,,,,593,-0.3,,,,,
,,,,,,,,,,594,-0.0,,,,,
,,,,,,,,,,595,-45.6,,,,,
,,,,,,,,,,596,+9.6,,,,,
,,,,,,,,,,597,-0.0,,,,,
,,,,,,,,,,598,+28.9,,,,,
,,,,,,,,,,599,+27.9,,,,,
,,,,,,,,,,600,-0.0,,,,,
,,,,,,,,,,601,-31.5,,,,,
,,,,,,,,,,602,-38.4,,,,,
,,,,,,,,,,603,-0.0,,,,,
,,,,,,,,,,604,+33.5,,,,,
,,,,,,,,,,605,+0.7,,,,,
,,,,,,,,,,606,-0.0,,,,,
,,,,,,,,,,607,+12.0,,,,,
,,,,,,,,,,608,+38.3,,,,,
,,,,,,,,,,609,-0.0,,,,,
,,,,,,,,,,610,+7.4,,,,,
,,,,,,,,,,611,+26.8,,,,,
,,,,,,,,,,612,-0.0,,,,,
,,,,,,,,,,613,-26.8,,,,,
,,,,,,,,,,614,-5.3,,,,,
,,,,,,,,,,615,-0.0,,,,,
,,,,,,,,,,616,-20.2,,,,,
,,,,,,,,,,617,-28.9,,,,,
,,,,,,,,,,618,-0.0,,,,,
,,,,,,,,,,619,-22.6,,,,,
,,,,,,,,,,620,-20.0,,,,,
,,,,,,,,,,621,-0.0,,,,,
,,,,,,,,,,622,+42.3,,,,,
,,,,,,,,,,623,+47.0,,,,,
,,,,,,,,,,624,-0.0,,,,,
,,,,,,,,,,625,-21.6,,,,,
,,,,,,,,,,626,+0.6,,,,,
,,,,,,,,,,627,-0.0,,,,,
,,,,,,,,,,628,+1.1,,,,,
,,,,,,,,,,629,-47.4,,,,,
,,,,,,,,,,630,-0.0,,,,,
,,,,,,,,,,631,-55.5,,,,,
,,,,,,,,,,632,-66.2,,,,,
,,,,,,,,,,633,-0.0,,,,,
,,,,,,,,,,634,+54.2,,,,,
,,,,,,,,,,635,+48.7,,,,,
,,,,,,,,,,636,-0.0,,,,,
,,,,,,,,,,637,+15.7,,,,,
,,,,,,,,,,638,+18.3,,,,,
,,,,,,,,,,639,-0.0,,,,,
,,,,,,,,,,640,+26.8,,,,,
,,,,,,,,,,641,-14.9,,,,,
,,,,,,,,,,642,-0.0,,,,,
,,,,,,,,,,643,+57.8,,,,,
,,,,,,,,,,644,+45.2,,,,,
,,,,,,,,,,645,-0.0,,,,,
,,,,,,,,,,646,-4.5,,,,,
,,,,,,,,,,647,-28.8,,,,,
,,,,,,,,,,648,-0.0,,,,,
,,,,,,,,,,649,-19.7,,,,,
,,,,,,,,,,650,-1.6,,,,,
,,,,,,,,,,651,-0.0,,,,,
,,,,,,,,,,652,-46.8,,,,,
,,,,,,,,,,653,+29.6,,,,,
,,,,,,,,,,654,-0.0,,,,,
,,,,,,,,,,655,+36.8,,,,,
,,,,,,,,,,656,+0.9,,,,,
,,,,,,,,,,657,-0.0,,,,,
,,,,,,,,,,658,+0.6,,,,,
,,,,,,,,,,659,+18.7,,,,,
,,,,,,,,,,660,-0.0,,,,,
,,,,,,,,,,661,-18.5,,,,,
,,,,,,,,,,662,-63.6,,,,,
,,,,,,,,,,663,-0.0,,,,,
,,,,,,,,,,664,+35.2,,,,,
,,,,,,,,,,665,-11.5,,,,,
,,,,,,,,,,666,-0.0,,,,,
,,,,,,,,,,667,+28.9,,,,,
,,,,,,,,,,668,+25.4,,,,,
,,,,,,,,,,669,-0.0,,,,,
,,,,,,,,,,670,+3.3,,,,,
,,,,,,,,,,671,+22.7,,,,,
,,,,,,,,,,672,-0.0,,,,,
,,,,,,,,,,673,+9.0,,,,,
,,,,,,,,,,674,-43.6,,,,,
,,,,,,,,,,675,-0.0,,,,,
,,,,,,,,,,676,+27.4,,,,,
,,,,,,,,,,677,+42.0,,,,,
,,,,,,,,,,678,-0.0,,,,,
,,,,,,,,,,679,-22.3,,,,,
,,,,,,,,,,680,-17.1,,,,,
,,,,,,,,,,681,-0.0,,,,,
,,,,,,,,,,682,-5.0,,,,,
,,,,,,,,,,683,+20.0,,,,,
,,,,,,,,,,684,-0.0,,,,,
,,,,,,,,,,685,+47.5,,,,,
,,,,,,,,,,686,+45.5,,,,,
,,,,,,,,,,687,-0.0,,,,,
,,,,,,,,,,688,+4.2,,,,,
,,,,,,,,,,689,+26.2,,,,,
,,,,,,,,,,690,-0.0,,,,,
,,,,,,,,,,691,+46.2,,,,,
,,,,,,,,,,692,-5.3,,,,,
,,,,,,,,,,693,-0.0,,,,,
,,,,,,,,,,694,+5.6,,,,,
,,,,,,,,,,695,+23.2,,,,,
,,,,,,,,,,696,-0.0,,,,,
,,,,,,,,,,697,+3.9,,,,,
,,,,,,,,,,698,-36.3,,,,,
,,,,,,,,,,699,-0.0,,,,,
,,,,,,,,,,700,-7.0,,,,,
,,,,,,,,,,701,-35.7,,,,,
,,,,,,,,,,702,-0.0,,,,,
,,,,,,,,,,703,-7.1,,,,,
,,,,,,,,,,704,+17.6,,,,,
,,,,,,,,,,705,-0.0,,,,,
,,,,,,,,,,706,+33.0,,,,,
,,,,,,,,,,707,+33.1,,,,,
,,,,,,,,,,708,-0.0,,,,,
,,,,,,,,,,709,-12.1,,,,,
,,,,,,,,,,710,-12.8,,,,,
,,,,,,,,,,711,-0.0,,,,,
,,,,,,,,,,712,-13.8,,,,,
,,,,,,,,,,713,+0.5,,,,,
,,,,,,,,,,714,-0.0,,,,,
,,,,,,,,,,715,-2.8,,,,,
,,,,,,,,,,716,-15.7,,,,,
,,,,,,,,,,717,-0.0,,,,,
,,,,,,,,,,718,+10.2,,,,,
,,,,,,,,,,719,-37.7,,,,,
,,,,,,,,,,720,-0.0,,,,,
,,,,,,,,,,721,-30.9,,,,,
,,,,,,,,,,722,-9.2,,,,,
,,,,,,,,,,723,-0.0,,,,,
,,,,,,,,,,724,-49.5,,,,,
,,,,,,,,,,725,-56.9,,,,,
,,,,,,,,,,726,-0.0,,,,,
,,,,,,,,,,727,-36.4,,,,,
,,,,,,,,,,728,-32.7,,,,,
,,,,,,,,,,729,-0.0,,,,,
,,,,,,,,,,730,+35.0,,,,,
,,,,,,,,,,731,-1.3,,,,,
,,,,,,,,,,732,-0.0,,,,,
,,,,,,,,,,733,-16.6,,,,,
,,,,,,,,,,734,-14.6,,,,,
,,,,,,,,,,735,-0.0,,,,,
,,,,,,,,,,736,+45.9,,,,,
,,,,,,,,,,737,+10.5,,,,,
,,,,,,,,,,738,-0.0,,,,,
,,,,,,,,,,739,+45.6,,,,,
,,,,,,,,,,740,+57.2,,,,,
,,,,,,,,,,741,-0.0,,,,,
,,,,,,,,,,742,+11.4,,,,,
,,,,,,,,,,743,+49.5,,,,,
,,,,,,,,,,744,-0.0,,,,,
,,,,,,,,,,745,-3.8,,,,,
,,,,,,,,,,746,-28.3,,,,,
,,,,,,,,,,747,-0.0,,,,,
,,,,,,,,,,748,+42.5,,,,,
,,,,,,,,,,749,-3.9,,,,,
,,,,,,,,,,750,-0.0,,,,,
,,,,,,,,,,751,-25.2,,,,,
,,,,,,,,,,752,+1.8,,,,,
,,,,,,,,,,753,-0.0,,,,,
,,,,,,,,,,754,+44.4,,,,,
,,,,,,,,,,755,+3.0,,,,,
,,,,,,,,,,756,-0.0,,,,,
,,,,,,,,,,757,+26.2,,,,,
,,,,,,,,,,758,-15.4,,,,,
,,,,,,,,,,759,-0.0,,,,,
,,,,,,,,,,760,+0.9,,,,,
,,,,,,,,,,761,+41.8,,,,,
,,,,,,,,,,762,-0.0,,,,,
