名前,だいち,,,コード,役,回数,割合,順位,,回,スコア,R,,局,平均点数,回数,合計
対戦数,1029 回,,,03,ドラ,1929 回,69.02%,10 位,,0,±0,1500,,東1局,+1229,1020 回,1253400
総局数,8281 回,,,10,役牌,1391 回,49.77%,13 位,,1,+15.0,1503,,東2局,+1317,994 回,1309300
通算スコア,+8449.4,,,01,立直,1250 回,44.72%,16 位,,2,+14.0,1503,,東3局,+990,953 回,943900
平均スコア,+8.21,,,52,赤ドラ,830 回,29.70%,16 位,,3,+29.1,1505,,南1局,+1364,879 回,1199100
レーティング,1815,,,06,ツモ,798 回,28.55%,16 位,,4,+114.3,1521,,南2局,+914,799 回,730000
平均順位,1.80 位,,,04,裏ドラ,709 回,25.37%,14 位,,5,+145.8,1526,,南3局,+1419,667 回,946300
1位,459 回,44.6%,,28,混一色,412 回,14.74%,8 位,,6,+97.8,1517,,,,,
2位,316 回,30.7%,,07,平和,400 回,14.31%,7 位,,7,+91.7,1516,,起家,スコア,回数,合計
3位,254 回,24.7%,,02,一発,309 回,11.06%,10 位,,8,+55.7,1510,,東家,+10.51,298 回,3132.1
1位スコア,+38.01,+17447.20,,08,一盃口,225 回,8.05%,9 位,,9,+14.7,1502,,南家,+5.53,330 回,1825.2
2位スコア,-0.41,-130.20,,25,七対子,181 回,6.48%,6 位,,10,-16.8,1496,,西家,+8.70,398 回,3464.5
3位スコア,-34.91,-8867.60,,09,タンヤオ,165 回,5.90%,12 位,,11,+1.5,1500,,,,,
バランス,+0.90,,,22,対々和,121 回,4.33%,11 位,,12,+14.3,1502,,相手,スコア,回数,合計
ふっとび,78 回,7.6%,,16,一気通貫,80 回,2.86%,9 位,,13,+71.3,1512,,がくと,+125.90,1 回,125.9
リーチ,2225 回,26.9%,,51,オープン立直,67 回,2.40%,2 位,,14,+27.3,1504,,かこたろう,+71.75,4 回,287
副露,1625 回,19.6%,,20,三暗刻,55 回,1.97%,14 位,,15,-9.7,1498,,あさひ,+69.20,1 回,69.2
リーチ成功,1323 回,59.5%,,30,清一色,43 回,1.54%,10 位,,16,-8.1,1498,,やなぎ,+56.10,2 回,112.2
副露成功,782 回,48.1%,,17,チャンタ,31 回,1.11%,14 位,,17,-29.5,1494,,ともき,+43.45,18 回,782.1
アガリ,2795 回,33.8%,,31,国士無双,22 回,0.79%,4 位,,18,-14.6,1497,,てんちゃん,+43.12,5 回,215.6
放銃,1184 回,14.3%,,24,混老頭,17 回,0.61%,4 位,,19,+42.6,1507,,のり,+30.38,33 回,1002.5
ツモ,1183 回,42.3%,,13,嶺上開花,14 回,0.50%,8 位,,20,+68.8,1512,,かわたつ,+29.60,1 回,29.6
ロン,1612 回,57.7%,,15,ダブル立直,13 回,0.47%,10 位,,21,+125.3,1522,,ぱぱ,+24.79,88 回,2181.2
リーチアガリ,1323 回,47.3%,,11,海底摸月,12 回,0.43%,11 位,,22,+99.8,1517,,りくと,+14.99,385 回,5770.4
副露アガリ,782 回,28.0%,,27,純チャン,7 回,0.25%,2 位,,23,+124.5,1522,,まっつん,+14.91,235 回,3503.2
ダマアガリ,690 回,24.7%,,29,流し満貫,7 回,0.25%,2 位,,24,+118.0,1520,,たかの,+14.54,242 回,3518.9
平均アガリ点,9116,25479600,,32,四暗刻,7 回,0.25%,7 位,,25,+84.3,1514,,ただ,+10.45,483 回,5049.3
門前アガリ点,9505,19134400,,12,河底撈魚,6 回,0.21%,9 位,,26,+108.2,1518,,いっしー,+8.73,76 回,663.3
副露アガリ点,8114,6345200,,23,小三元,6 回,0.21%,5 位,,27,+71.2,1512,,やがさき,+5.28,30 回,158.5
平均放銃点,-8249,-9766400,,26,二盃口,6 回,0.21%,3 位,,28,+129.2,1522,,れんたろう,+4.72,420 回,1983.2
連続アガリ,7 回,0 回,,34,大三元,5 回,0.18%,2 位,,29,+120.8,1521,,いちかわ,-2.41,32 回,-77
連続無放銃,45 回,0 回,,45,四暗刻単騎,4 回,0.14%,2 位,,30,+174.1,1530,,ほたに,-13.45,2 回,-26.9
最大ドラ数,10 個,,,19,三色同刻,1 回,0.04%,2 位,,31,+160.1,1527,,,,,
最高点,149100,,,37,緑一色,1 回,0.04%,1 位,,32,+220.8,1538,,,,,
チョンボ,6 回,0.1%,,14,槍槓,0 回,0.00%,3 位,,33,+270.8,1547,,,,,
,,,,21,三槓子,0 回,0.00%,1 位,,34,+256.8,1544,,,,,
1翻,172 回,6.2%,,33,字一色,0 回,0.00%,3 位,,35,+253.4,1544,,,,,
2翻,394 回,14.1%,,35,大四喜,0 回,0.00%,1 位,,36,+236.3,1540,,,,,
3翻,505 回,18.1%,,36,小四喜,0 回,0.00%,4 位,,37,+257.4,1544,,,,,
4翻,515 回,18.4%,,38,清老頭,0 回,0.00%,1 位,,38,+206.8,1535,,,,,
5翻,400 回,14.3%,,39,四槓子,0 回,0.00%,1 位,,39,+198.6,1533,,,,,
6翻,278 回,9.9%,,40,九蓮宝燈,0 回,0.00%,3 位,,40,+191.6,1532,,,,,
7翻,160 回,5.7%,,41,天和,0 回,0.00%,4 位,,41,+155.2,1525,,,,,
8翻,76 回,2.7%,,42,地和,0 回,0.00%,1 位,,42,+146.7,1523,,,,,
9翻,53 回,1.9%,,43,人和,0 回,0.00%,1 位,,43,+155.1,1525,,,,,
10翻,23 回,0.8%,,44,国士13面,0 回,0.00%,1 位,,44,+144.7,1523,,,,,
11翻,13 回,0.5%,,46,純正九蓮,0 回,0.00%,1 位,,45,+172.6,1528,,,,,
12翻,5 回,0.2%,,47,大車輪,0 回,0.00%,1 位,,46,+152.1,1524,,,,,
13翻〜,45 回,1.6%,,48,大竹林,0 回,0.00%,1 位,,47,+121.0,1518,,,,,
,,,,49,大数隣,0 回,0.00%,1 位,,48,+137.2,1521,,,,,
New局数,7825 回,,,50,八連荘,0 回,0.00%,1 位,,49,+132.3,1520,,,,,
Newアガリ,2639 回,,,53,十三不塔,0 回,0.00%,1 位,,50,+145.1,1522,,,,,
,,,,,,,,,,51,+145.8,1522,,,,,
,,,,,,,,,,52,+139.1,1521,,,,,
,,,,,,,,,,53,+111.1,1516,,,,,
,,,,,,,,,,54,+127.8,1519,,,,,
,,,,,,,,,,55,+120.8,1518,,,,,
,,,,,,,,,,56,+152.4,1523,,,,,
,,,,,,,,,,57,+168.2,1526,,,,,
,,,,,,,,,,58,+225.2,1536,,,,,
,,,,,,,,,,59,+230.5,1537,,,,,
,,,,,,,,,,60,+184.4,1528,,,,,
,,,,,,,,,,61,+205.5,1532,,,,,
,,,,,,,,,,62,+139.5,1520,,,,,
,,,,,,,,,,63,+134.5,1519,,,,,
,,,,,,,,,,64,+135.5,1519,,,,,
,,,,,,,,,,65,+167.1,1525,,,,,
,,,,,,,,,,66,+148.1,1521,,,,,
,,,,,,,,,,67,+138.2,1519,,,,,
,,,,,,,,,,68,+139.1,1519,,,,,
,,,,,,,,,,69,+171.4,1525,,,,,
,,,,,,,,,,70,+199.8,1530,,,,,
,,,,,,,,,,71,+192.4,1529,,,,,
,,,,,,,,,,72,+210.7,1532,,,,,
,,,,,,,,,,73,+196.8,1529,,,,,
,,,,,,,,,,74,+236.8,1536,,,,,
,,,,,,,,,,75,+242.0,1537,,,,,
,,,,,,,,,,76,+228.3,1534,,,,,
,,,,,,,,,,77,+233.4,1535,,,,,
,,,,,,,,,,78,+265.3,1541,,,,,
,,,,,,,,,,79,+305.3,1548,,,,,
,,,,,,,,,,80,+327.8,1551,,,,,
,,,,,,,,,,81,+359.3,1557,,,,,
,,,,,,,,,,82,+419.1,1567,,,,,
,,,,,,,,,,83,+430.2,1569,,,,,
,,,,,,,,,,84,+431.8,1569,,,,,
,,,,,,,,,,85,+410.4,1564,,,,,
,,,,,,,,,,86,+413.9,1565,,,,,
,,,,,,,,,,87,+368.4,1556,,,,,
,,,,,,,,,,88,+367.8,1555,,,,,
,,,,,,,,,,89,+394.2,1560,,,,,
,,,,,,,,,,90,+403.9,1561,,,,,
,,,,,,,,,,91,+425.0,1565,,,,,
,,,,,,,,,,92,+468.1,1572,,,,,
,,,,,,,,,,93,+462.1,1571,,,,,
,,,,,,,,,,94,+424.6,1563,,,,,
,,,,,,,,,,95,+385.1,1556,,,,,
,,,,,,,,,,96,+396.2,1558,,,,,
,,,,,,,,,,97,+394.2,1557,,,,,
,,,,,,,,,,98,+437.7,1565,,,,,
,,,,,,,,,,99,+432.1,1563,,,,,
,,,,,,,,,,100,+424.7,1562,,,,,
,,,,,,,,,,101,+386.7,1555,,,,,
,,,,,,,,,,102,+367.9,1551,,,,,
,,,,,,,,,,103,+394.9,1556,,,,,
,,,,,,,,,,104,+439.5,1563,,,,,
,,,,,,,,,,105,+446.5,1564,,,,,
,,,,,,,,,,106,+435.2,1561,,,,,
,,,,,,,,,,107,+419.7,1558,,,,,
,,,,,,,,,,108,+400.4,1554,,,,,
,,,,,,,,,,109,+424.4,1558,,,,,
,,,,,,,,,,110,+443.9,1561,,,,,
,,,,,,,,,,111,+438.5,1560,,,,,
,,,,,,,,,,112,+494.5,1570,,,,,
,,,,,,,,,,113,+511.6,1573,,,,,
,,,,,,,,,,114,+473.6,1565,,,,,
,,,,,,,,,,115,+490.1,1568,,,,,
,,,,,,,,,,116,+505.4,1570,,,,,
,,,,,,,,,,117,+517.0,1572,,,,,
,,,,,,,,,,118,+533.9,1575,,,,,
,,,,,,,,,,119,+496.4,1567,,,,,
,,,,,,,,,,120,+534.9,1574,,,,,
,,,,,,,,,,121,+488.4,1565,,,,,
,,,,,,,,,,122,+501.6,1567,,,,,
,,,,,,,,,,123,+482.1,1563,,,,,
,,,,,,,,,,124,+523.5,1571,,,,,
,,,,,,,,,,125,+550.6,1575,,,,,
,,,,,,,,,,126,+559.1,1576,,,,,
,,,,,,,,,,127,+602.4,1583,,,,,
,,,,,,,,,,128,+628.4,1588,,,,,
,,,,,,,,,,129,+639.4,1589,,,,,
,,,,,,,,,,130,+680.4,1596,,,,,
,,,,,,,,,,131,+660.6,1592,,,,,
,,,,,,,,,,132,+698.2,1598,,,,,
,,,,,,,,,,133,+706.0,1599,,,,,
,,,,,,,,,,134,+774.1,1611,,,,,
,,,,,,,,,,135,+779.3,1611,,,,,
,,,,,,,,,,136,+795.5,1613,,,,,
,,,,,,,,,,137,+819.7,1617,,,,,
,,,,,,,,,,138,+840.3,1620,,,,,
,,,,,,,,,,139,+847.6,1621,,,,,
,,,,,,,,,,140,+852.4,1621,,,,,
,,,,,,,,,,141,+856.5,1621,,,,,
,,,,,,,,,,142,+844.5,1619,,,,,
,,,,,,,,,,143,+857.0,1620,,,,,
,,,,,,,,,,144,+844.1,1617,,,,,
,,,,,,,,,,145,+859.7,1620,,,,,
,,,,,,,,,,146,+875.3,1622,,,,,
,,,,,,,,,,147,+839.3,1616,,,,,
,,,,,,,,,,148,+809.7,1610,,,,,
,,,,,,,,,,149,+816.5,1611,,,,,
,,,,,,,,,,150,+802.5,1608,,,,,
,,,,,,,,,,151,+792.5,1605,,,,,
,,,,,,,,,,152,+837.1,1613,,,,,
,,,,,,,,,,153,+832.4,1612,,,,,
,,,,,,,,,,154,+846.8,1614,,,,,
,,,,,,,,,,155,+832.8,1611,,,,,
,,,,,,,,,,156,+839.9,1612,,,,,
,,,,,,,,,,157,+859.6,1615,,,,,
,,,,,,,,,,158,+883.4,1619,,,,,
,,,,,,,,,,159,+878.6,1617,,,,,
,,,,,,,,,,160,+911.1,1623,,,,,
,,,,,,,,,,161,+928.2,1625,,,,,
,,,,,,,,,,162,+940.5,1627,,,,,
,,,,,,,,,,163,+964.8,1631,,,,,
,,,,,,,,,,164,+952.6,1628,,,,,
,,,,,,,,,,165,+950.6,1627,,,,,
,,,,,,,,,,166,+910.0,1619,,,,,
,,,,,,,,,,167,+931.7,1622,,,,,
,,,,,,,,,,168,+972.4,1629,,,,,
,,,,,,,,,,169,+980.4,1630,,,,,
,,,,,,,,,,170,+988.1,1631,,,,,
,,,,,,,,,,171,+919.1,1618,,,,,
,,,,,,,,,,172,+916.1,1617,,,,,
,,,,,,,,,,173,+913.5,1616,,,,,
,,,,,,,,,,174,+972.5,1626,,,,,
,,,,,,,,,,175,+972.5,1625,,,,,
,,,,,,,,,,176,+952.0,1621,,,,,
,,,,,,,,,,177,+948.6,1620,,,,,
,,,,,,,,,,178,+988.1,1626,,,,,
,,,,,,,,,,179,+1049.1,1637,,,,,
,,,,,,,,,,180,+1060.8,1638,,,,,
,,,,,,,,,,181,+1076.9,1641,,,,,
,,,,,,,,,,182,+1134.4,1650,,,,,
,,,,,,,,,,183,+1121.9,1647,,,,,
,,,,,,,,,,184,+1132.6,1648,,,,,
,,,,,,,,,,185,+1163.7,1653,,,,,
,,,,,,,,,,186,+1173.9,1654,,,,,
,,,,,,,,,,187,+1182.2,1655,,,,,
,,,,,,,,,,188,+1180.3,1654,,,,,
,,,,,,,,,,189,+1180.8,1654,,,,,
,,,,,,,,,,190,+1228.8,1662,,,,,
,,,,,,,,,,191,+1251.6,1665,,,,,
,,,,,,,,,,192,+1257.6,1666,,,,,
,,,,,,,,,,193,+1240.6,1662,,,,,
,,,,,,,,,,194,+1221.7,1657,,,,,
,,,,,,,,,,195,+1258.4,1663,,,,,
,,,,,,,,,,196,+1270.8,1665,,,,,
,,,,,,,,,,197,+1284.8,1667,,,,,
,,,,,,,,,,198,+1291.6,1668,,,,,
,,,,,,,,,,199,+1284.0,1665,,,,,
,,,,,,,,,,200,+1297.7,1667,,,,,
,,,,,,,,,,201,+1298.0,1667,,,,,
,,,,,,,,,,202,+1292.6,1665,,,,,
,,,,,,,,,,203,+1249.4,1656,,,,,
,,,,,,,,,,204,+1267.6,1659,,,,,
,,,,,,,,,,205,+1290.4,1662,,,,,
,,,,,,,,,,206,+1298.5,1663,,,,,
,,,,,,,,,,207,+1303.5,1663,,,,,
,,,,,,,,,,208,+1264.5,1655,,,,,
,,,,,,,,,,209,+1272.7,1656,,,,,
,,,,,,,,,,210,+1285.7,1658,,,,,
,,,,,,,,,,211,+1295.8,1659,,,,,
,,,,,,,,,,212,+1317.5,1662,,,,,
,,,,,,,,,,213,+1277.1,1654,,,,,
,,,,,,,,,,214,+1329.2,1663,,,,,
,,,,,,,,,,215,+1333.7,1663,,,,,
,,,,,,,,,,216,+1318.7,1660,,,,,
,,,,,,,,,,217,+1326.5,1660,,,,,
,,,,,,,,,,218,+1345.1,1663,,,,,
,,,,,,,,,,219,+1351.3,1663,,,,,
,,,,,,,,,,220,+1363.9,1665,,,,,
,,,,,,,,,,221,+1377.3,1667,,,,,
,,,,,,,,,,222,+1383.4,1667,,,,,
,,,,,,,,,,223,+1450.1,1678,,,,,
,,,,,,,,,,224,+1412.0,1670,,,,,
,,,,,,,,,,225,+1435.0,1674,,,,,
,,,,,,,,,,226,+1444.5,1675,,,,,
,,,,,,,,,,227,+1449.5,1675,,,,,
,,,,,,,,,,228,+1457.3,1676,,,,,
,,,,,,,,,,229,+1499.6,1682,,,,,
,,,,,,,,,,230,+1540.3,1689,,,,,
,,,,,,,,,,231,+1540.4,1688,,,,,
,,,,,,,,,,232,+1552.6,1689,,,,,
,,,,,,,,,,233,+1562.1,1690,,,,,
,,,,,,,,,,234,+1589.3,1694,,,,,
,,,,,,,,,,235,+1576.7,1691,,,,,
,,,,,,,,,,236,+1584.2,1691,,,,,
,,,,,,,,,,237,+1592.0,1691,,,,,
,,,,,,,,,,238,+1638.9,1699,,,,,
,,,,,,,,,,239,+1645.2,1699,,,,,
,,,,,,,,,,240,+1669.5,1703,,,,,
,,,,,,,,,,241,+1659.1,1700,,,,,
,,,,,,,,,,242,+1658.1,1699,,,,,
,,,,,,,,,,243,+1677.9,1702,,,,,
,,,,,,,,,,244,+1705.6,1706,,,,,
,,,,,,,,,,245,+1713.1,1706,,,,,
,,,,,,,,,,246,+1744.6,1711,,,,,
,,,,,,,,,,247,+1797.1,1719,,,,,
,,,,,,,,,,248,+1790.9,1717,,,,,
,,,,,,,,,,249,+1782.1,1714,,,,,
,,,,,,,,,,250,+1800.6,1717,,,,,
,,,,,,,,,,251,+1833.7,1722,,,,,
,,,,,,,,,,252,+1901.7,1733,,,,,
,,,,,,,,,,253,+1879.8,1728,,,,,
,,,,,,,,,,254,+1888.8,1728,,,,,
,,,,,,,,,,255,+1915.4,1732,,,,,
,,,,,,,,,,256,+1935.4,1735,,,,,
,,,,,,,,,,257,+1890.0,1726,,,,,
,,,,,,,,,,258,+1884.9,1723,,,,,
,,,,,,,,,,259,+1887.1,1723,,,,,
,,,,,,,,,,260,+1960.4,1735,,,,,
,,,,,,,,,,261,+2000.5,1741,,,,,
,,,,,,,,,,262,+2091.4,1757,,,,,
,,,,,,,,,,263,+2122.4,1761,,,,,
,,,,,,,,,,264,+2146.1,1764,,,,,
,,,,,,,,,,265,+2175.2,1768,,,,,
,,,,,,,,,,266,+2167.9,1766,,,,,
,,,,,,,,,,267,+2136.2,1759,,,,,
,,,,,,,,,,268,+2223.3,1773,,,,,
,,,,,,,,,,269,+2261.7,1779,,,,,
,,,,,,,,,,270,+2308.9,1786,,,,,
,,,,,,,,,,271,+2363.5,1795,,,,,
,,,,,,,,,,272,+2371.5,1795,,,,,
,,,,,,,,,,273,+2315.5,1783,,,,,
,,,,,,,,,,274,+2317.4,1782,,,,,
,,,,,,,,,,275,+2319.3,1781,,,,,
,,,,,,,,,,276,+2295.4,1776,,,,,
,,,,,,,,,,277,+2359.6,1786,,,,,
,,,,,,,,,,278,+2358.3,1785,,,,,
,,,,,,,,,,279,+2409.2,1793,,,,,
,,,,,,,,,,280,+2445.9,1798,,,,,
,,,,,,,,,,281,+2482.2,1803,,,,,
,,,,,,,,,,282,+2545.2,1813,,,,,
,,,,,,,,,,283,+2515.4,1806,,,,,
,,,,,,,,,,284,+2486.3,1800,,,,,
,,,,,,,,,,285,+2545.6,1809,,,,,
,,,,,,,,,,286,+2593.1,1816,,,,,
,,,,,,,,,,287,+2623.6,1820,,,,,
,,,,,,,,,,288,+2686.8,1831,,,,,
,,,,,,,,,,289,+2678.3,1828,,,,,
,,,,,,,,,,290,+2740.1,1838,,,,,
,,,,,,,,,,291,+2765.4,1841,,,,,
,,,,,,,,,,292,+2797.3,1845,,,,,
,,,,,,,,,,293,+2866.3,1856,,,,,
,,,,,,,,,,294,+2903.0,1861,,,,,
,,,,,,,,,,295,+2972.6,1872,,,,,
,,,,,,,,,,296,+3021.1,1879,,,,,
,,,,,,,,,,297,+2968.8,1868,,,,,
,,,,,,,,,,298,+3004.0,1873,,,,,
,,,,,,,,,,299,+3037.5,1877,,,,,
,,,,,,,,,,300,+3041.0,1876,,,,,
,,,,,,,,,,301,+3098.0,1884,,,,,
,,,,,,,,,,302,+3093.6,1882,,,,,
,,,,,,,,,,303,+3102.6,1882,,,,,
,,,,,,,,,,304,+3154.5,1889,,,,,
,,,,,,,,,,305,+3149.3,1887,,,,,
,,,,,,,,,,306,+3179.9,1890,,,,,
,,,,,,,,,,307,+3178.6,1888,,,,,
,,,,,,,,,,308,+3174.5,1886,,,,,
,,,,,,,,,,309,+3208.2,1890,,,,,
,,,,,,,,,,310,+3264.2,1898,,,,,
,,,,,,,,,,311,+3206.2,1886,,,,,
,,,,,,,,,,312,+3307.2,1903,,,,,
,,,,,,,,,,313,+3400.1,1917,,,,,
,,,,,,,,,,314,+3369.8,1910,,,,,
,,,,,,,,,,315,+3399.2,1913,,,,,
,,,,,,,,,,316,+3408.2,1913,,,,,
,,,,,,,,,,317,+3439.0,1917,,,,,
,,,,,,,,,,318,+3475.4,1922,,,,,
,,,,,,,,,,319,+3514.9,1927,,,,,
,,,,,,,,,,320,+3544.1,1930,,,,,
,,,,,,,,,,321,+3519.3,1924,,,,,
,,,,,,,,,,322,+3516.5,1921,,,,,
,,,,,,,,,,323,+3455.4,1908,,,,,
,,,,,,,,,,324,+3500.8,1915,,,,,
,,,,,,,,,,325,+3462.8,1906,,,,,
,,,,,,,,,,326,+3462.3,1904,,,,,
,,,,,,,,,,327,+3488.9,1907,,,,,
,,,,,,,,,,328,+3534.6,1913,,,,,
,,,,,,,,,,329,+3477.8,1901,,,,,
,,,,,,,,,,330,+3478.9,1900,,,,,
,,,,,,,,,,331,+3443.8,1892,,,,,
,,,,,,,,,,332,+3386.5,1880,,,,,
,,,,,,,,,,333,+3425.1,1885,,,,,
,,,,,,,,,,334,+3386.5,1876,,,,,
,,,,,,,,,,335,+3424.7,1881,,,,,
,,,,,,,,,,336,+3375.0,1871,,,,,
,,,,,,,,,,337,+3372.0,1868,,,,,
,,,,,,,,,,338,+3413.8,1874,,,,,
,,,,,,,,,,339,+3442.2,1878,,,,,
,,,,,,,,,,340,+3401.9,1869,,,,,
,,,,,,,,,,341,+3400.6,1867,,,,,
,,,,,,,,,,342,+3456.5,1875,,,,,
,,,,,,,,,,343,+3500.2,1881,,,,,
,,,,,,,,,,344,+3552.8,1889,,,,,
,,,,,,,,,,345,+3554.2,1888,,,,,
,,,,,,,,,,346,+3546.9,1885,,,,,
,,,,,,,,,,347,+3510.9,1876,,,,,
,,,,,,,,,,348,+3570.8,1885,,,,,
,,,,,,,,,,349,+3524.7,1875,,,,,
,,,,,,,,,,350,+3567.6,1882,,,,,
,,,,,,,,,,351,+3562.4,1879,,,,,
,,,,,,,,,,352,+3571.2,1879,,,,,
,,,,,,,,,,353,+3570.9,1877,,,,,
,,,,,,,,,,354,+3624.4,1885,,,,,
,,,,,,,,,,355,+3627.4,1884,,,,,
,,,,,,,,,,356,+3568.5,1871,,,,,
,,,,,,,,,,357,+3512.2,1860,,,,,
,,,,,,,,,,358,+3454.8,1848,,,,,
,,,,,,,,,,359,+3524.4,1858,,,,,
,,,,,,,,,,360,+3505.7,1853,,,,,
,,,,,,,,,,361,+3543.1,1858,,,,,
,,,,,,,,,,362,+3483.1,1846,,,,,
,,,,,,,,,,363,+3473.2,1843,,,,,
,,,,,,,,,,364,+3407.3,1829,,,,,
,,,,,,,,,,365,+3459.1,1837,,,,,
,,,,,,,,,,366,+3402.2,1825,,,,,
,,,,,,,,,,367,+3403.7,1824,,,,,
,,,,,,,,,,368,+3351.9,1813,,,,,
,,,,,,,,,,369,+3295.8,1801,,,,,
,,,,,,,,,,370,+3236.8,1790,,,,,
,,,,,,,,,,371,+3241.1,1789,,,,,
,,,,,,,,,,372,+3325.5,1803,,,,,
,,,,,,,,,,373,+3361.9,1808,,,,,
,,,,,,,,,,374,+3382.6,1810,,,,,
,,,,,,,,,,375,+3420.0,1816,,,,,
,,,,,,,,,,376,+3420.0,1814,,,,,
,,,,,,,,,,377,+3417.0,1812,,,,,
,,,,,,,,,,378,+3446.6,1816,,,,,
,,,,,,,,,,379,+3480.1,1821,,,,,
,,,,,,,,,,380,+3488.2,1821,,,,,
,,,,,,,,,,381,+3518.6,1825,,,,,
,,,,,,,,,,382,+3455.6,1812,,,,,
,,,,,,,,,,383,+3556.5,1829,,,,,
,,,,,,,,,,384,+3533.1,1823,,,,,
,,,,,,,,,,385,+3463.6,1809,,,,,
,,,,,,,,,,386,+3493.0,1813,,,,,
,,,,,,,,,,387,+3572.6,1826,,,,,
,,,,,,,,,,388,+3522.1,1815,,,,,
,,,,,,,,,,389,+3480.4,1806,,,,,
,,,,,,,,,,390,+3445.5,1799,,,,,
,,,,,,,,,,391,+3439.3,1796,,,,,
,,,,,,,,,,392,+3499.6,1806,,,,,
,,,,,,,,,,393,+3528.4,1809,,,,,
,,,,,,,,,,394,+3521.8,1806,,,,,
,,,,,,,,,,395,+3523.8,1805,,,,,
,,,,,,,,,,396,+3591.6,1816,,,,,
,,,,,,,,,,397,+3590.4,1814,,,,,
,,,,,,,,,,398,+3614.1,1817,,,,,
,,,,,,,,,,399,+3641.8,1820,,,,,
,,,,,,,,,,400,+3687.1,1826,,,,,
,,,,,,,,,,401,+3696.1,1826,,,,,
,,,,,,,,,,402,+3664.3,1819,,,,,
,,,,,,,,,,403,+3657.0,1816,,,,,
,,,,,,,,,,404,+3653.5,1814,,,,,
,,,,,,,,,,405,+3617.1,1806,,,,,
,,,,,,,,,,406,+3634.7,1808,,,,,
,,,,,,,,,,407,+3678.5,1814,,,,,
,,,,,,,,,,408,+3737.5,1824,,,,,
,,,,,,,,,,409,+3702.8,1816,,,,,
,,,,,,,,,,410,+3695.4,1813,,,,,
,,,,,,,,,,411,+3745.1,1821,,,,,
,,,,,,,,,,412,+3830.5,1834,,,,,
,,,,,,,,,,413,+3899.8,1845,,,,,
,,,,,,,,,,414,+3914.8,1847,,,,,
,,,,,,,,,,415,+3863.9,1836,,,,,
,,,,,,,,,,416,+3822.7,1827,,,,,
,,,,,,,,,,417,+3789.8,1819,,,,,
,,,,,,,,,,418,+3803.3,1820,,,,,
,,,,,,,,,,419,+3845.5,1827,,,,,
,,,,,,,,,,420,+3840.5,1824,,,,,
,,,,,,,,,,421,+3875.5,1829,,,,,
,,,,,,,,,,422,+3885.0,1829,,,,,
,,,,,,,,,,423,+3829.7,1818,,,,,
,,,,,,,,,,424,+3860.7,1822,,,,,
,,,,,,,,,,425,+3825.4,1814,,,,,
,,,,,,,,,,426,+3866.5,1820,,,,,
,,,,,,,,,,427,+3921.1,1828,,,,,
,,,,,,,,,,428,+3921.0,1827,,,,,
,,,,,,,,,,429,+3933.9,1827,,,,,
,,,,,,,,,,430,+3956.5,1830,,,,,
,,,,,,,,,,431,+4011.1,1838,,,,,
,,,,,,,,,,432,+3977.3,1831,,,,,
,,,,,,,,,,433,+3945.5,1824,,,,,
,,,,,,,,,,434,+3983.1,1829,,,,,
,,,,,,,,,,435,+4036.3,1837,,,,,
,,,,,,,,,,436,+4072.4,1842,,,,,
,,,,,,,,,,437,+4046.0,1835,,,,,
,,,,,,,,,,438,+4107.0,1845,,,,,
,,,,,,,,,,439,+4142.4,1850,,,,,
,,,,,,,,,,440,+4197.9,1858,,,,,
,,,,,,,,,,441,+4231.2,1862,,,,,
,,,,,,,,,,442,+4204.4,1856,,,,,
,,,,,,,,,,443,+4197.7,1853,,,,,
,,,,,,,,,,444,+4238.1,1858,,,,,
,,,,,,,,,,445,+4180.1,1846,,,,,
,,,,,,,,,,446,+4227.6,1853,,,,,
,,,,,,,,,,447,+4225.7,1851,,,,,
,,,,,,,,,,448,+4280.1,1859,,,,,
,,,,,,,,,,449,+4282.9,1858,,,,,
,,,,,,,,,,450,+4279.8,1856,,,,,
,,,,,,,,,,451,+4245.3,1848,,,,,
,,,,,,,,,,452,+4296.4,1856,,,,,
,,,,,,,,,,453,+4332.9,1861,,,,,
,,,,,,,,,,454,+4375.4,1867,,,,,
,,,,,,,,,,455,+4409.9,1871,,,,,
,,,,,,,,,,456,+4393.3,1866,,,,,
,,,,,,,,,,457,+4356.9,1858,,,,,
,,,,,,,,,,458,+4418.5,1868,,,,,
,,,,,,,,,,459,+4411.3,1865,,,,,
,,,,,,,,,,460,+4458.6,1871,,,,,
,,,,,,,,,,461,+4519.6,1880,,,,,
,,,,,,,,,,462,+4564.5,1887,,,,,
,,,,,,,,,,463,+4616.5,1894,,,,,
,,,,,,,,,,464,+4551.5,1880,,,,,
,,,,,,,,,,465,+4504.7,1870,,,,,
,,,,,,,,,,466,+4551.7,1877,,,,,
,,,,,,,,,,467,+4504.7,1867,,,,,
,,,,,,,,,,468,+4478.4,1860,,,,,
,,,,,,,,,,469,+4535.9,1869,,,,,
,,,,,,,,,,470,+4560.7,1872,,,,,
,,,,,,,,,,471,+4513.6,1862,,,,,
,,,,,,,,,,472,+4566.6,1870,,,,,
,,,,,,,,,,473,+4561.2,1867,,,,,
,,,,,,,,,,474,+4562.1,1865,,,,,
,,,,,,,,,,475,+4574.2,1866,,,,,
,,,,,,,,,,476,+4636.9,1876,,,,,
,,,,,,,,,,477,+4687.1,1882,,,,,
,,,,,,,,,,478,+4651.3,1874,,,,,
,,,,,,,,,,479,+4677.3,1877,,,,,
,,,,,,,,,,480,+4738.5,1886,,,,,
,,,,,,,,,,481,+4736.8,1884,,,,,
,,,,,,,,,,482,+4722.4,1880,,,,,
,,,,,,,,,,483,+4750.2,1883,,,,,
,,,,,,,,,,484,+4785.0,1887,,,,,
,,,,,,,,,,485,+4817.8,1891,,,,,
,,,,,,,,,,486,+4795.1,1885,,,,,
,,,,,,,,,,487,+4822.1,1889,,,,,
,,,,,,,,,,488,+4821.8,1887,,,,,
,,,,,,,,,,489,+4843.3,1889,,,,,
,,,,,,,,,,490,+4877.0,1893,,,,,
,,,,,,,,,,491,+4906.4,1896,,,,,
,,,,,,,,,,492,+4960.6,1904,,,,,
,,,,,,,,,,493,+4996.0,1909,,,,,
,,,,,,,,,,494,+4989.3,1905,,,,,
,,,,,,,,,,495,+5020.1,1909,,,,,
,,,,,,,,,,496,+5002.4,1904,,,,,
,,,,,,,,,,497,+5008.3,1903,,,,,
,,,,,,,,,,498,+5051.2,1909,,,,,
,,,,,,,,,,499,+4993.2,1897,,,,,
,,,,,,,,,,500,+4966.8,1891,,,,,
,,,,,,,,,,501,+4931.9,1882,,,,,
,,,,,,,,,,502,+4966.2,1887,,,,,
,,,,,,,,,,503,+4999.3,1891,,,,,
,,,,,,,,,,504,+5012.7,1892,,,,,
,,,,,,,,,,505,+5018.0,1891,,,,,
,,,,,,,,,,506,+4977.7,1882,,,,,
,,,,,,,,,,507,+4956.4,1877,,,,,
,,,,,,,,,,508,+4986.3,1880,,,,,
,,,,,,,,,,509,+4986.1,1879,,,,,
,,,,,,,,,,510,+5011.4,1881,,,,,
,,,,,,,,,,511,+4994.8,1877,,,,,
,,,,,,,,,,512,+4949.0,1867,,,,,
,,,,,,,,,,513,+4962.0,1867,,,,,
,,,,,,,,,,514,+4997.4,1872,,,,,
,,,,,,,,,,515,+5002.3,1871,,,,,
,,,,,,,,,,516,+5035.7,1875,,,,,
,,,,,,,,,,517,+5036.8,1874,,,,,
,,,,,,,,,,518,+5056.2,1876,,,,,
,,,,,,,,,,519,+5061.7,1875,,,,,
,,,,,,,,,,520,+5061.3,1873,,,,,
,,,,,,,,,,521,+5062.6,1872,,,,,
,,,,,,,,,,522,+5102.7,1877,,,,,
,,,,,,,,,,523,+5056.9,1867,,,,,
,,,,,,,,,,524,+5061.5,1867,,,,,
,,,,,,,,,,525,+5064.3,1866,,,,,
,,,,,,,,,,526,+5111.2,1873,,,,,
,,,,,,,,,,527,+5137.7,1876,,,,,
,,,,,,,,,,528,+5171.8,1880,,,,,
,,,,,,,,,,529,+5176.4,1879,,,,,
,,,,,,,,,,530,+5203.5,1882,,,,,
,,,,,,,,,,531,+5221.5,1884,,,,,
,,,,,,,,,,532,+5227.6,1883,,,,,
,,,,,,,,,,533,+5230.0,1882,,,,,
,,,,,,,,,,534,+5234.5,1881,,,,,
,,,,,,,,,,535,+5208.5,1875,,,,,
,,,,,,,,,,536,+5181.5,1868,,,,,
,,,,,,,,,,537,+5164.7,1864,,,,,
,,,,,,,,,,538,+5168.8,1863,,,,,
,,,,,,,,,,539,+5137.5,1856,,,,,
,,,,,,,,,,540,+5155.8,1858,,,,,
,,,,,,,,,,541,+5175.0,1860,,,,,
,,,,,,,,,,542,+5175.6,1858,,,,,
,,,,,,,,,,543,+5140.4,1850,,,,,
,,,,,,,,,,544,+5181.0,1856,,,,,
,,,,,,,,,,545,+5213.4,1860,,,,,
,,,,,,,,,,546,+5181.7,1853,,,,,
,,,,,,,,,,547,+5139.0,1844,,,,,
,,,,,,,,,,548,+5163.1,1847,,,,,
,,,,,,,,,,549,+5187.9,1850,,,,,
,,,,,,,,,,550,+5213.4,1853,,,,,
,,,,,,,,,,551,+5238.2,1856,,,,,
,,,,,,,,,,552,+5213.2,1850,,,,,
,,,,,,,,,,553,+5183.7,1843,,,,,
,,,,,,,,,,554,+5216.2,1847,,,,,
,,,,,,,,,,555,+5193.8,1842,,,,,
,,,,,,,,,,556,+5209.0,1843,,,,,
,,,,,,,,,,557,+5158.5,1832,,,,,
,,,,,,,,,,558,+5185.3,1836,,,,,
,,,,,,,,,,559,+5183.5,1834,,,,,
,,,,,,,,,,560,+5203.4,1836,,,,,
,,,,,,,,,,561,+5166.7,1828,,,,,
,,,,,,,,,,562,+5187.3,1830,,,,,
,,,,,,,,,,563,+5191.3,1829,,,,,
,,,,,,,,,,564,+5207.8,1831,,,,,
,,,,,,,,,,565,+5168.8,1822,,,,,
,,,,,,,,,,566,+5123.2,1813,,,,,
,,,,,,,,,,567,+5157.3,1818,,,,,
,,,,,,,,,,568,+5185.0,1821,,,,,
,,,,,,,,,,569,+5220.9,1827,,,,,
,,,,,,,,,,570,+5242.6,1829,,,,,
,,,,,,,,,,571,+5262.1,1831,,,,,
,,,,,,,,,,572,+5275.7,1832,,,,,
,,,,,,,,,,573,+5317.6,1838,,,,,
,,,,,,,,,,574,+5301.1,1834,,,,,
,,,,,,,,,,575,+5350.1,1841,,,,,
,,,,,,,,,,576,+5394.5,1848,,,,,
,,,,,,,,,,577,+5354.3,1839,,,,,
,,,,,,,,,,578,+5404.3,1847,,,,,
,,,,,,,,,,579,+5528.4,1868,,,,,
,,,,,,,,,,580,+5535.4,1868,,,,,
,,,,,,,,,,581,+5521.3,1863,,,,,
,,,,,,,,,,582,+5591.9,1874,,,,,
,,,,,,,,,,583,+5560.9,1867,,,,,
,,,,,,,,,,584,+5537.3,1862,,,,,
,,,,,,,,,,585,+5540.5,1861,,,,,
,,,,,,,,,,586,+5552.0,1861,,,,,
,,,,,,,,,,587,+5622.6,1872,,,,,
,,,,,,,,,,588,+5628.4,1871,,,,,
,,,,,,,,,,589,+5675.3,1878,,,,,
,,,,,,,,,,590,+5682.7,1878,,,,,
,,,,,,,,,,591,+5684.1,1876,,,,,
,,,,,,,,,,592,+5680.2,1874,,,,,
,,,,,,,,,,593,+5697.0,1875,,,,,
,,,,,,,,,,594,+5704.7,1875,,,,,
,,,,,,,,,,595,+5663.9,1867,,,,,
,,,,,,,,,,596,+5707.6,1873,,,,,
,,,,,,,,,,597,+5708.7,1871,,,,,
,,,,,,,,,,598,+5747.1,1876,,,,,
,,,,,,,,,,599,+5714.3,1869,,,,,
,,,,,,,,,,600,+5740.6,1872,,,,,
,,,,,,,,,,601,+5762.1,1874,,,,,
,,,,,,,,,,602,+5753.4,1871,,,,,
,,,,,,,,,,603,+5730.8,1865,,,,,
,,,,,,,,,,604,+5735.5,1865,,,,,
,,,,,,,,,,605,+5757.7,1867,,,,,
,,,,,,,,,,606,+5709.2,1857,,,,,
,,,,,,,,,,607,+5775.4,1868,,,,,
,,,,,,,,,,608,+5829.6,1876,,,,,
,,,,,,,,,,609,+5845.3,1877,,,,,
,,,,,,,,,,610,+5803.6,1868,,,,,
,,,,,,,,,,611,+5791.0,1865,,,,,
,,,,,,,,,,612,+5766.7,1859,,,,,
,,,,,,,,,,613,+5748.0,1854,,,,,
,,,,,,,,,,614,+5811.6,1863,,,,,
,,,,,,,,,,615,+5855.2,1870,,,,,
,,,,,,,,,,616,+5882.6,1873,,,,,
,,,,,,,,,,617,+5899.7,1874,,,,,
,,,,,,,,,,618,+5879.7,1869,,,,,
,,,,,,,,,,619,+5834.2,1860,,,,,
,,,,,,,,,,620,+5808.0,1854,,,,,
,,,,,,,,,,621,+5811.9,1853,,,,,
,,,,,,,,,,622,+5809.1,1851,,,,,
,,,,,,,,,,623,+5778.2,1844,,,,,
,,,,,,,,,,624,+5781.9,1843,,,,,
,,,,,,,,,,625,+5796.5,1844,,,,,
,,,,,,,,,,626,+5807.9,1844,,,,,
,,,,,,,,,,627,+5850.4,1850,,,,,
,,,,,,,,,,628,+5884.9,1855,,,,,
,,,,,,,,,,629,+5887.3,1854,,,,,
,,,,,,,,,,630,+5860.6,1848,,,,,
,,,,,,,,,,631,+5850.7,1845,,,,,
,,,,,,,,,,632,+5900.8,1852,,,,,
,,,,,,,,,,633,+5924.3,1855,,,,,
,,,,,,,,,,634,+5945.9,1857,,,,,
,,,,,,,,,,635,+5982.8,1862,,,,,
,,,,,,,,,,636,+5981.3,1861,,,,,
,,,,,,,,,,637,+6012.3,1865,,,,,
,,,,,,,,,,638,+6058.8,1872,,,,,
,,,,,,,,,,639,+6062.0,1871,,,,,
,,,,,,,,,,640,+6039.1,1865,,,,,
,,,,,,,,,,641,+6069.3,1869,,,,,
,,,,,,,,,,642,+6091.4,1872,,,,,
,,,,,,,,,,643,+6045.2,1863,,,,,
,,,,,,,,,,644,+6071.5,1866,,,,,
,,,,,,,,,,645,+6111.3,1872,,,,,
,,,,,,,,,,646,+6109.4,1870,,,,,
,,,,,,,,,,647,+6170.2,1879,,,,,
,,,,,,,,,,648,+6172.2,1878,,,,,
,,,,,,,,,,649,+6140.0,1870,,,,,
,,,,,,,,,,650,+6185.2,1877,,,,,
,,,,,,,,,,651,+6172.7,1873,,,,,
,,,,,,,,,,652,+6201.5,1877,,,,,
,,,,,,,,,,653,+6174.1,1871,,,,,
,,,,,,,,,,654,+6163.1,1867,,,,,
,,,,,,,,,,655,+6191.0,1870,,,,,
,,,,,,,,,,656,+6190.2,1869,,,,,
,,,,,,,,,,657,+6189.9,1867,,,,,
,,,,,,,,,,658,+6237.4,1875,,,,,
,,,,,,,,,,659,+6215.4,1869,,,,,
,,,,,,,,,,660,+6190.9,1864,,,,,
,,,,,,,,,,661,+6231.7,1869,,,,,
,,,,,,,,,,662,+6272.9,1875,,,,,
,,,,,,,,,,663,+6265.2,1872,,,,,
,,,,,,,,,,664,+6296.9,1876,,,,,
,,,,,,,,,,665,+6329.1,1880,,,,,
,,,,,,,,,,666,+6326.2,1878,,,,,
,,,,,,,,,,667,+6358.2,1883,,,,,
,,,,,,,,,,668,+6399.7,1889,,,,,
,,,,,,,,,,669,+6436.3,1894,,,,,
,,,,,,,,,,670,+6468.2,1898,,,,,
,,,,,,,,,,671,+6509.7,1905,,,,,
,,,,,,,,,,672,+6471.0,1896,,,,,
,,,,,,,,,,673,+6425.5,1886,,,,,
,,,,,,,,,,674,+6441.7,1887,,,,,
,,,,,,,,,,675,+6443.0,1886,,,,,
,,,,,,,,,,676,+6467.1,1888,,,,,
,,,,,,,,,,677,+6449.7,1884,,,,,
,,,,,,,,,,678,+6490.4,1890,,,,,
,,,,,,,,,,679,+6504.4,1890,,,,,
,,,,,,,,,,680,+6571.3,1900,,,,,
,,,,,,,,,,681,+6574.5,1899,,,,,
,,,,,,,,,,682,+6574.2,1897,,,,,
,,,,,,,,,,683,+6614.1,1903,,,,,
,,,,,,,,,,684,+6611.9,1901,,,,,
,,,,,,,,,,685,+6560.8,1891,,,,,
,,,,,,,,,,686,+6586.1,1893,,,,,
,,,,,,,,,,687,+6607.8,1896,,,,,
,,,,,,,,,,688,+6652.3,1902,,,,,
,,,,,,,,,,689,+6689.8,1907,,,,,
,,,,,,,,,,690,+6668.0,1901,,,,,
,,,,,,,,,,691,+6654.9,1897,,,,,
,,,,,,,,,,692,+6650.1,1894,,,,,
,,,,,,,,,,693,+6600.7,1884,,,,,
,,,,,,,,,,694,+6567.1,1877,,,,,
,,,,,,,,,,695,+6594.0,1881,,,,,
,,,,,,,,,,696,+6606.0,1881,,,,,
,,,,,,,,,,697,+6602.3,1879,,,,,
,,,,,,,,,,698,+6592.8,1876,,,,,
,,,,,,,,,,699,+6647.0,1884,,,,,
,,,,,,,,,,700,+6672.6,1887,,,,,
,,,,,,,,,,701,+6679.0,1886,,,,,
,,,,,,,,,,702,+6668.4,1882,,,,,
,,,,,,,,,,703,+6638.3,1875,,,,,
,,,,,,,,,,704,+6644.3,1875,,,,,
,,,,,,,,,,705,+6595.8,1864,,,,,
,,,,,,,,,,706,+6581.4,1860,,,,,
,,,,,,,,,,707,+6604.4,1863,,,,,
,,,,,,,,,,708,+6632.0,1866,,,,,
,,,,,,,,,,709,+6680.4,1873,,,,,
,,,,,,,,,,710,+6718.9,1878,,,,,
,,,,,,,,,,711,+6758.1,1883,,,,,
,,,,,,,,,,712,+6818.5,1892,,,,,
,,,,,,,,,,713,+6817.0,1890,,,,,
,,,,,,,,,,714,+6820.4,1889,,,,,
,,,,,,,,,,715,+6862.0,1895,,,,,
,,,,,,,,,,716,+6883.4,1897,,,,,
,,,,,,,,,,717,+6887.4,1896,,,,,
,,,,,,,,,,718,+6851.5,1889,,,,,
,,,,,,,,,,719,+6870.2,1891,,,,,
,,,,,,,,,,720,+6947.9,1903,,,,,
,,,,,,,,,,721,+6961.6,1904,,,,,
,,,,,,,,,,722,+6916.9,1894,,,,,
,,,,,,,,,,723,+6915.9,1892,,,,,
,,,,,,,,,,724,+6968.1,1900,,,,,
,,,,,,,,,,725,+6932.4,1893,,,,,
,,,,,,,,,,726,+6992.7,1902,,,,,
,,,,,,,,,,727,+6961.7,1895,,,,,
,,,,,,,,,,728,+6998.9,1901,,,,,
,,,,,,,,,,729,+7000.4,1900,,,,,
,,,,,,,,,,730,+7006.1,1899,,,,,
,,,,,,,,,,731,+7005.2,1897,,,,,
,,,,,,,,,,732,+7063.0,1905,,,,,
,,,,,,,,,,733,+7115.8,1913,,,,,
,,,,,,,,,,734,+7188.8,1924,,,,,
,,,,,,,,,,735,+7184.5,1921,,,,,
,,,,,,,,,,736,+7244.2,1931,,,,,
,,,,,,,,,,737,+7249.2,1930,,,,,
,,,,,,,,,,738,+7280.8,1934,,,,,
,,,,,,,,,,739,+7342.4,1944,,,,,
,,,,,,,,,,740,+7319.9,1938,,,,,
,,,,,,,,,,741,+7325.4,1937,,,,,
,,,,,,,,,,742,+7301.9,1931,,,,,
,,,,,,,,,,743,+7296.5,1928,,,,,
,,,,,,,,,,744,+7310.3,1929,,,,,
,,,,,,,,,,745,+7245.3,1916,,,,,
,,,,,,,,,,746,+7283.3,1921,,,,,
,,,,,,,,,,747,+7242.5,1913,,,,,
,,,,,,,,,,748,+7216.7,1906,,,,,
,,,,,,,,,,749,+7219.9,1905,,,,,
,,,,,,,,,,750,+7245.4,1908,,,,,
,,,,,,,,,,751,+7241.0,1906,,,,,
,,,,,,,,,,752,+7249.6,1906,,,,,
,,,,,,,,,,753,+7294.4,1912,,,,,
,,,,,,,,,,754,+7290.5,1909,,,,,
,,,,,,,,,,755,+7335.8,1916,,,,,
,,,,,,,,,,756,+7406.8,1927,,,,,
,,,,,,,,,,757,+7429.1,1929,,,,,
,,,,,,,,,,758,+7378.7,1918,,,,,
,,,,,,,,,,759,+7408.1,1922,,,,,
,,,,,,,,,,760,+7408.8,1920,,,,,
,,,,,,,,,,761,+7358.2,1910,,,,,
,,,,,,,,,,762,+7363.1,1909,,,,,
,,,,,,,,,,763,+7324.1,1901,,,,,
,,,,,,,,,,764,+7317.8,1898,,,,,
,,,,,,,,,,765,+7346.3,1902,,,,,
,,,,,,,,,,766,+7364.9,1904,,,,,
,,,,,,,,,,767,+7363.5,1902,,,,,
,,,,,,,,,,768,+7355.6,1899,,,,,
,,,,,,,,,,769,+7352.2,1897,,,,,
,,,,,,,,,,770,+7348.1,1895,,,,,
,,,,,,,,,,771,+7300.1,1885,,,,,
,,,,,,,,,,772,+7253.8,1875,,,,,
,,,,,,,,,,773,+7230.2,1870,,,,,
,,,,,,,,,,774,+7231.4,1868,,,,,
,,,,,,,,,,775,+7267.4,1873,,,,,
,,,,,,,,,,776,+7287.8,1875,,,,,
,,,,,,,,,,777,+7305.3,1876,,,,,
,,,,,,,,,,778,+7338.5,1881,,,,,
,,,,,,,,,,779,+7350.4,1882,,,,,
,,,,,,,,,,780,+7316.1,1875,,,,,
,,,,,,,,,,781,+7335.5,1877,,,,,
,,,,,,,,,,782,+7396.0,1886,,,,,
,,,,,,,,,,783,+7377.8,1881,,,,,
,,,,,,,,,,784,+7396.9,1883,,,,,
,,,,,,,,,,785,+7426.4,1887,,,,,
,,,,,,,,,,786,+7460.5,1891,,,,,
,,,,,,,,,,787,+7476.3,1892,,,,,
,,,,,,,,,,788,+7448.1,1886,,,,,
,,,,,,,,,,789,+7464.4,1887,,,,,
,,,,,,,,,,790,+7431.1,1880,,,,,
,,,,,,,,,,791,+7408.0,1874,,,,,
,,,,,,,,,,792,+7438.6,1878,,,,,
,,,,,,,,,,793,+7435.1,1876,,,,,
,,,,,,,,,,794,+7437.0,1875,,,,,
,,,,,,,,,,795,+7404.8,1868,,,,,
,,,,,,,,,,796,+7441.4,1873,,,,,
,,,,,,,,,,797,+7474.4,1878,,,,,
,,,,,,,,,,798,+7510.1,1883,,,,,
,,,,,,,,,,799,+7561.2,1890,,,,,
,,,,,,,,,,800,+7506.7,1879,,,,,
,,,,,,,,,,801,+7500.8,1876,,,,,
,,,,,,,,,,802,+7461.9,1867,,,,,
,,,,,,,,,,803,+7480.6,1869,,,,,
,,,,,,,,,,804,+7489.0,1869,,,,,
,,,,,,,,,,805,+7467.8,1864,,,,,
,,,,,,,,,,806,+7439.3,1857,,,,,
,,,,,,,,,,807,+7454.8,1858,,,,,
,,,,,,,,,,808,+7427.1,1852,,,,,
,,,,,,,,,,809,+7399.5,1845,,,,,
,,,,,,,,,,810,+7397.8,1844,,,,,
,,,,,,,,,,811,+7397.9,1842,,,,,
,,,,,,,,,,812,+7418.8,1844,,,,,
,,,,,,,,,,813,+7460.4,1850,,,,,
,,,,,,,,,,814,+7438.4,1845,,,,,
,,,,,,,,,,815,+7472.4,1850,,,,,
,,,,,,,,,,816,+7521.4,1857,,,,,
,,,,,,,,,,817,+7509.8,1854,,,,,
,,,,,,,,,,818,+7501.6,1851,,,,,
,,,,,,,,,,819,+7538.5,1856,,,,,
,,,,,,,,,,820,+7525.7,1852,,,,,
,,,,,,,,,,821,+7532.3,1852,,,,,
,,,,,,,,,,822,+7610.3,1865,,,,,
,,,,,,,,,,823,+7636.9,1868,,,,,
,,,,,,,,,,824,+7633.9,1866,,,,,
,,,,,,,,,,825,+7619.9,1862,,,,,
,,,,,,,,,,826,+7588.8,1855,,,,,
,,,,,,,,,,827,+7562.1,1848,,,,,
,,,,,,,,,,828,+7562.2,1847,,,,,
,,,,,,,,,,829,+7586.8,1850,,,,,
,,,,,,,,,,830,+7572.5,1846,,,,,
,,,,,,,,,,831,+7552.4,1841,,,,,
,,,,,,,,,,832,+7528.9,1835,,,,,
,,,,,,,,,,833,+7504.2,1829,,,,,
,,,,,,,,,,834,+7517.3,1831,,,,,
,,,,,,,,,,835,+7509.1,1828,,,,,
,,,,,,,,,,836,+7555.6,1835,,,,,
,,,,,,,,,,837,+7614.1,1844,,,,,
,,,,,,,,,,838,+7598.5,1840,,,,,
,,,,,,,,,,839,+7581.8,1836,,,,,
,,,,,,,,,,840,+7577.2,1834,,,,,
,,,,,,,,,,841,+7609.1,1838,,,,,
,,,,,,,,,,842,+7611.2,1838,,,,,
,,,,,,,,,,843,+7561.5,1828,,,,,
,,,,,,,,,,844,+7560.5,1826,,,,,
,,,,,,,,,,845,+7600.1,1832,,,,,
,,,,,,,,,,846,+7594.7,1830,,,,,
,,,,,,,,,,847,+7597.4,1829,,,,,
,,,,,,,,,,848,+7560.5,1821,,,,,
,,,,,,,,,,849,+7514.8,1812,,,,,
,,,,,,,,,,850,+7487.2,1806,,,,,
,,,,,,,,,,851,+7465.5,1801,,,,,
,,,,,,,,,,852,+7485.8,1803,,,,,
,,,,,,,,,,853,+7464.8,1798,,,,,
,,,,,,,,,,854,+7468.9,1798,,,,,
,,,,,,,,,,855,+7515.9,1806,,,,,
,,,,,,,,,,856,+7549.9,1810,,,,,
,,,,,,,,,,857,+7522.6,1804,,,,,
,,,,,,,,,,858,+7535.9,1806,,,,,
,,,,,,,,,,859,+7551.5,1807,,,,,
,,,,,,,,,,860,+7504.0,1798,,,,,
,,,,,,,,,,861,+7479.1,1792,,,,,
,,,,,,,,,,862,+7466.3,1789,,,,,
,,,,,,,,,,863,+7420.5,1780,,,,,
,,,,,,,,,,864,+7451.5,1784,,,,,
,,,,,,,,,,865,+7429.8,1779,,,,,
,,,,,,,,,,866,+7389.1,1771,,,,,
,,,,,,,,,,867,+7363.4,1765,,,,,
,,,,,,,,,,868,+7323.6,1757,,,,,
,,,,,,,,,,869,+7325.2,1756,,,,,
,,,,,,,,,,870,+7361.4,1762,,,,,
,,,,,,,,,,871,+7362.0,1761,,,,,
,,,,,,,,,,872,+7397.5,1767,,,,,
,,,,,,,,,,873,+7379.8,1763,,,,,
,,,,,,,,,,874,+7357.1,1758,,,,,
,,,,,,,,,,875,+7379.3,1761,,,,,
,,,,,,,,,,876,+7326.4,1751,,,,,
,,,,,,,,,,877,+7300.4,1746,,,,,
,,,,,,,,,,878,+7304.6,1746,,,,,
,,,,,,,,,,879,+7344.5,1752,,,,,
,,,,,,,,,,880,+7359.9,1754,,,,,
,,,,,,,,,,881,+7377.7,1757,,,,,
,,,,,,,,,,882,+7366.2,1754,,,,,
,,,,,,,,,,883,+7416.6,1763,,,,,
,,,,,,,,,,884,+7409.7,1760,,,,,
,,,,,,,,,,885,+7390.4,1756,,,,,
,,,,,,,,,,886,+7426.7,1762,,,,,
,,,,,,,,,,887,+7448.7,1765,,,,,
,,,,,,,,,,888,+7461.0,1766,,,,,
,,,,,,,,,,889,+7524.0,1776,,,,,
,,,,,,,,,,890,+7507.3,1772,,,,,
,,,,,,,,,,891,+7447.9,1760,,,,,
,,,,,,,,,,892,+7503.5,1770,,,,,
,,,,,,,,,,893,+7555.0,1778,,,,,
,,,,,,,,,,894,+7500.6,1768,,,,,
,,,,,,,,,,895,+7500.9,1767,,,,,
,,,,,,,,,,896,+7558.4,1776,,,,,
,,,,,,,,,,897,+7547.3,1774,,,,,
,,,,,,,,,,898,+7513.5,1767,,,,,
,,,,,,,,,,899,+7511.1,1766,,,,,
,,,,,,,,,,900,+7526.6,1768,,,,,
,,,,,,,,,,901,+7520.4,1766,,,,,
,,,,,,,,,,902,+7567.0,1773,,,,,
,,,,,,,,,,903,+7594.5,1777,,,,,
,,,,,,,,,,904,+7622.4,1781,,,,,
,,,,,,,,,,905,+7630.6,1782,,,,,
,,,,,,,,,,906,+7609.1,1777,,,,,
,,,,,,,,,,907,+7643.4,1783,,,,,
,,,,,,,,,,908,+7595.4,1773,,,,,
,,,,,,,,,,909,+7604.3,1774,,,,,
,,,,,,,,,,910,+7570.4,1767,,,,,
,,,,,,,,,,911,+7594.3,1771,,,,,
,,,,,,,,,,912,+7556.9,1763,,,,,
,,,,,,,,,,913,+7545.9,1761,,,,,
,,,,,,,,,,914,+7521.7,1756,,,,,
,,,,,,,,,,915,+7571.1,1764,,,,,
,,,,,,,,,,916,+7582.3,1765,,,,,
,,,,,,,,,,917,+7617.0,1770,,,,,
,,,,,,,,,,918,+7616.2,1769,,,,,
,,,,,,,,,,919,+7607.5,1767,,,,,
,,,,,,,,,,920,+7605.7,1766,,,,,
,,,,,,,,,,921,+7655.6,1773,,,,,
,,,,,,,,,,922,+7631.0,1768,,,,,
,,,,,,,,,,923,+7654.6,1771,,,,,
,,,,,,,,,,924,+7632.6,1767,,,,,
,,,,,,,,,,925,+7584.6,1757,,,,,
,,,,,,,,,,926,+7541.7,1748,,,,,
,,,,,,,,,,927,+7597.7,1757,,,,,
,,,,,,,,,,928,+7613.1,1759,,,,,
,,,,,,,,,,929,+7561.4,1749,,,,,
,,,,,,,,,,930,+7528.9,1742,,,,,
,,,,,,,,,,931,+7498.8,1736,,,,,
,,,,,,,,,,932,+7450.5,1727,,,,,
,,,,,,,,,,933,+7421.4,1721,,,,,
,,,,,,,,,,934,+7394.6,1716,,,,,
,,,,,,,,,,935,+7434.9,1722,,,,,
,,,,,,,,,,936,+7465.0,1727,,,,,
,,,,,,,,,,937,+7515.4,1736,,,,,
,,,,,,,,,,938,+7546.2,1741,,,,,
,,,,,,,,,,939,+7524.3,1736,,,,,
,,,,,,,,,,940,+7512.9,1733,,,,,
,,,,,,,,,,941,+7540.8,1737,,,,,
,,,,,,,,,,942,+7517.6,1732,,,,,
,,,,,,,,,,943,+7553.0,1737,,,,,
,,,,,,,,,,944,+7544.1,1735,,,,,
,,,,,,,,,,945,+7505.1,1727,,,,,
,,,,,,,,,,946,+7502.0,1725,,,,,
,,,,,,,,,,947,+7566.6,1736,,,,,
,,,,,,,,,,948,+7597.9,1740,,,,,
,,,,,,,,,,949,+7638.2,1746,,,,,
,,,,,,,,,,950,+7645.6,1746,,,,,
,,,,,,,,,,951,+7624.7,1742,,,,,
,,,,,,,,,,952,+7626.2,1742,,,,,
,,,,,,,,,,953,+7672.9,1750,,,,,
,,,,,,,,,,954,+7662.4,1747,,,,,
,,,,,,,,,,955,+7718.7,1757,,,,,
,,,,,,,,,,956,+7730.1,1758,,,,,
,,,,,,,,,,957,+7725.5,1756,,,,,
,,,,,,,,,,958,+7772.7,1763,,,,,
,,,,,,,,,,959,+7794.5,1766,,,,,
,,,,,,,,,,960,+7812.5,1769,,,,,
,,,,,,,,,,961,+7829.4,1771,,,,,
,,,,,,,,,,962,+7905.9,1784,,,,,
,,,,,,,,,,963,+7854.7,1774,,,,,
,,,,,,,,,,964,+7816.4,1767,,,,,
,,,,,,,,,,965,+7795.2,1762,,,,,
,,,,,,,,,,966,+7790.6,1761,,,,,
,,,,,,,,,,967,+7771.2,1756,,,,,
,,,,,,,,,,968,+7829.0,1765,,,,,
,,,,,,,,,,969,+7849.2,1768,,,,,
,,,,,,,,,,970,+7892.5,1775,,,,,
,,,,,,,,,,971,+7949.3,1784,,,,,
,,,,,,,,,,972,+7937.7,1780,,,,,
,,,,,,,,,,973,+7939.3,1780,,,,,
,,,,,,,,,,974,+7924.5,1776,,,,,
,,,,,,,,,,975,+7946.9,1779,,,,,
,,,,,,,,,,976,+7945.7,1778,,,,,
,,,,,,,,,,977,+7982.9,1784,,,,,
,,,,,,,,,,978,+7980.7,1783,,,,,
,,,,,,,,,,979,+7992.4,1784,,,,,
,,,,,,,,,,980,+7991.7,1783,,,,,
,,,,,,,,,,981,+7991.7,1782,,,,,
,,,,,,,,,,982,+7942.9,1773,,,,,
,,,,,,,,,,983,+7919.8,1768,,,,,
,,,,,,,,,,984,+7949.5,1772,,,,,
,,,,,,,,,,985,+7982.4,1777,,,,,
,,,,,,,,,,986,+7988.3,1777,,,,,
,,,,,,,,,,987,+7960.9,1771,,,,,
,,,,,,,,,,988,+8034.4,1783,,,,,
,,,,,,,,,,989,+8034.6,1782,,,,,
,,,,,,,,,,990,+8102.6,1793,,,,,
,,,,,,,,,,991,+8048.1,1782,,,,,
,,,,,,,,,,992,+8088.7,1788,,,,,
,,,,,,,,,,993,+8072.7,1784,,,,,
,,,,,,,,,,994,+8040.8,1777,,,,,
,,,,,,,,,,995,+8027.6,1774,,,,,
,,,,,,,,,,996,+8079.4,1782,,,,,
,,,,,,,,,,997,+8072.9,1780,,,,,
,,,,,,,,,,998,+8071.6,1779,,,,,
,,,,,,,,,,999,+8036.6,1771,,,,,
,,,,,,,,,,1000,+8082.8,1778,,,,,
,,,,,,,,,,1001,+8063.2,1774,,,,,
,,,,,,,,,,1002,+8098.3,1779,,,,,
,,,,,,,,,,1003,+8019.3,1763,,,,,
,,,,,,,,,,1004,+8063.6,1770,,,,,
,,,,,,,,,,1005,+8032.2,1763,,,,,
,,,,,,,,,,1006,+8088.6,1772,,,,,
,,,,,,,,,,1007,+8132.8,1779,,,,,
,,,,,,,,,,1008,+8141.9,1780,,,,,
,,,,,,,,,,1009,+8085.0,1769,,,,,
,,,,,,,,,,1010,+8097.0,1770,,,,,
,,,,,,,,,,1011,+8035.7,1758,,,,,
,,,,,,,,,,1012,+7972.2,1746,,,,,
,,,,,,,,,,1013,+7941.7,1739,,,,,
,,,,,,,,,,1014,+7997.4,1749,,,,,
,,,,,,,,,,1015,+8001.4,1749,,,,,
,,,,,,,,,,1016,+8038.2,1754,,,,,
,,,,,,,,,,1017,+8094.2,1764,,,,,
,,,,,,,,,,1018,+8093.3,1762,,,,,
,,,,,,,,,,1019,+8122.9,1767,,,,,
,,,,,,,,,,1020,+8115.6,1765,,,,,
,,,,,,,,,,1021,+8158.5,1771,,,,,
,,,,,,,,,,1022,+8244.1,1786,,,,,
,,,,,,,,,,1023,+8220.7,1780,,,,,
,,,,,,,,,,1024,+8229.6,1781,,,,,
,,,,,,,,,,1025,+8290.2,1791,,,,,
,,,,,,,,,,1026,+8233.4,1780,,,,,
,,,,,,,,,,1027,+8292.0,1789,,,,,
,,,,,,,,,,1028,+8333.0,1795,,,,,
,,,,,,,,,,1029,+8449.4,1815,,,,,
